看板,標題,作者,發文時間,內容,留言
Gossiping,[問卦]  2023一到五月出生數比2016同期下降35%,jimmy12332 (123),Mon Jul 10 15:20:31 2023,"是這樣啦
本魯剛剛看到5月出生數的文
發現出生數有每月資料欸
就算了算
2016一到五月出生數平均16,821人
2023一到五月出生數平均11,003人
下降35%

然後本魯又把2012到現在的出生數畫成圖如下
圖為了不要讓短期波動影響觀看
多畫了一條12個月移動平均
https://i.imgur.com/39rynfG.jpeg

這圖也太慘了吧？
本來還有一點要回升的感覺
結果從2016到現在 狂降欸？
出了什麼問題？
","['少子化辦公室很努力啊', '少子化辦公室大成功', '唯一有感的辦公室', '台灣女性萬歲', '兩房千萬豪宅是要怎麼生嘻嘻', '要低於1萬 還有勞保可在領嗎', '少子化成功 太爽啦', '肯定是經費編的不夠 再加10億給少子化', '辦公室 大家說好不好', '有民主自由就夠幸福了，不用有下一代了', '打底，随時噴發', '阿共的陰謀啦', '小孩是奢侈品 不是我這種窮人消費得起的']"
Gossiping,[問卦] 窮有窮的養法，你能接受嗎?,airhong (艾爾洪斯),Mon Jul 10 15:20:39 2023,"

如題，都說窮有窮的養法

那麼你各位老了可以接受孩子用窮養的方式養你嗎?

被窮養又窮到甚麼程度是可以接受的呢?

醫療的部分省嗎? 食衣住行省嗎?


我個人覺得孩子沒錢的話病的重了還是早點死吧

吃東西年輕時候也就吃過了，吃來吃去都差不多，能餬口就好

一起住最心煩，很怕打擾年輕人。

各位又怎麼想呢?


","['不行', '首先要先有孩子', '窮人別生拜託會害死人', '你可以去問問以前沒有健保，老人沒錢又生', '大病是如何處理？', '有錢判生沒錢判死,就上一輩那年代的情況', '現在還有人想著孩子之後會養自己!!?', '你可以看看外國階層低的怎麼養的', '不懂沒錢還生什麼小孩']"
Gossiping,[問卦] 有沒有冰河機Kaspa礦機的八卦?,mcmonkichi (魚池紅玉好喝!),Mon Jul 10 15:20:56 2023,"而 Kaspa 所採用的 KHeavyHash 算法，支援 GPU、FPGA、ASIC 設備來計算挖礦，但過去
全部礦工皆使用 GPU 顯示卡挖 Kaspa 的時代，在今年 5 月硬生生被礦機企業打斷，專
門挖取 Kaspa 的 ASIC 礦機問世。

比特大陸預告「Kaspa礦機KS3」將上市

據官方公布數字，KS3礦機算力高達 8.3TH/s，功耗 3188 瓦，單位功耗 384 W/T，以當
前 KAS 幣價計算，單台礦機每天淨收入超過 2,600 美元。若以 RTX 4090 顯示卡單位功
耗 178 W/G 來相比，KS3 功耗比贏過 2,100 倍，簡直形成跨維度打擊。


一台ks2 等於70-80台八卡GPU的運作收益


有沒有專業礦機是甚麼原理的八卦?

為什麼算力可以這麼猛?

","['看謀 樓下幫我翻譯', '這樣幹嘛買h800', '中國公司怎麼不自己賺', 'asic']"
Gossiping,[問卦] 急！小蘭跟灰原要選誰,deankiller (21),Mon Jul 10 15:21:56 2023,"急！ 小蘭跟灰原哪個比較好啊

如果要選另一半的話

小蘭感覺比較兇

擾到他馬上被空手道

但是小蘭是青梅竹馬 比較有感情

灰原則是比較聰明 個性比較好

急 在線等

 https://i.imgur.com/zfDGkSb.jpg

https://i.imgur.com/PRw0d9J.jpg

","['問就是黑鬍子', '樓下白冰冰跟我國總統你比較喜歡誰', '現在選小蘭 10年後選小哀', '你這個十零開欸', '噁心死了', '小孩子才選!柯南選誰?', '灰原身邊一堆FBI，你想清楚', '我比較喜歡阿笠博士 感覺很溫柔', '我朋友說新的一集小蘭沒戲了', '一個馬上可以X，一個要等，怎麽選還要問', '灰原，小蘭鬆了', '？嫩', '秒選小哀', '到底誰會選角蘭', '懂玩', '從來沒有你可以選,只有人家不可能選你', '當然是灰原', '窩秒選小蘭啊，怎麽惹嗎？', '小哀個性跟顏值比小蘭強多了', '步美', '選小蘭有被角插死的風險', '問就是阿笠博士', '我家的狗 選 灰原>阿笠>元太>步美>小蘭', '灰原感覺就是那種趁你睡覺切你GG的瘋女人', '博士', '我想選園子 放棄努力', '灰原明明就個性有問題，根本就有憂鬱症', '園子，奶+不用努力', 'https://tinyurl.com/mum7vubp', '病嬌才讚 玩完就甩了 接盤俠自己承受', '嘗試一下灰原留長頭髮染成黑色', '一個被打死一個被藥死', '選灰原吧畢竟年輕的肉體']"
Gossiping,[新聞] 魏德聖推全新癌童電影 促田中千繪、范逸,yuzukineko (閃亮三叔公),Mon Jul 10 15:22:02 2023,"1.媒體來源:
中央通訊社

2.記者署名:
中央社記者葉冠吟

3.完整新聞標題:
魏德聖推全新癌童電影 促田中千繪、范逸臣合演

4.完整新聞內文:
導演魏德聖推出最新電影作品816《BIG》，描繪6組兒童癌友家庭故事，更促成演員田中
千繪和范逸臣繼2008年國片「海角七號」後，久違於大銀幕合體飾演夫妻。

816《BIG》描述在一個病房內，集結來自不同社會階層、不同面向的6組家庭，彼此從衝
突到最後相互支持的故事，打破眾人對於兒童癌症病房的想像，劇情有笑有淚。今天劇組
釋出首支宣傳花絮，曝光片中主要家庭成員卡司，包含曾沛慈、曾珮瑜、黃鐙輝、周厚安
、夏宇童，以及童星于卉喬、鄭又菲、郭大睿等。

田中千繪與范逸臣也從「海角七號」裡的「友子」與「阿嘉」變成醫美集團的董事長夫妻
，育有一名不幸罹患骨癌的兒子，除了面臨生命的考驗，兩人從愛情昇華成的親情也正在
谷底。

田中千繪分享，亞洲人把生死離別看得比較悲傷，可是 816《BIG》是以輕鬆的方式講故
事，能帶給大家歡笑與淚水。范逸臣則提及已有十多年沒跟導演魏德聖一起拍電影，但這
次導演依舊是那個能把「簡單故事化為最大感動」的說故事者。

魏德聖表示，這是他第1次拍攝有21名主演的電影，雖然不是時代戲，但如何處理群戲與
多條故事線，也是很大的挑戰。故事源起是他多年前在電視紀錄片中訪談一名已截肢康復
的癌童，但這名女孩意外的樂觀，給了魏德聖相當大的震撼與啟發，也終於在COVID-19疫
後，決定將這個埋藏許久的劇本付諸實現，期望帶給社會溫暖正能量。

816《BIG》將於今年11月17至19日推出限量口碑場，12月1日正式上映。（編輯：張雅淨
）1120710



5.完整新聞連結 (或短網址)不可用YAHOO、LINE、MSN等轉載媒體:
https://www.cna.com.tw/news/amov/202307100172.aspx

6.備註:
※ 一個人一天只能張貼一則新聞(以天為單位)，被刪或自刪也算額度內，超貼者水桶，請注意
※ 備註請勿張貼三日內新聞(包含連結、標題等)


","['有搭實景嗎', '他不是要弄啥台江三部曲??', '會有大量床戲嗎', '三部曲要生出來了沒', '三部曲是不是涼了', '泥為什麼要欺戶偶', '要募資嗎', '真的癌童...', '范是不是胖了', '電影界阿滴 海鮮素can help', '三部曲錢燒光囉～', '要募款了', '錢燒光所以拍片來籌錢了阿', '居然沒有在拍攝過程中喊沒錢', '三部曲XDD 不說都忘了這回事', '為了賺錢的電影都會拍的不錯', '為了理想而拍的，建議魏島留著收藏吧', '終於要正常拍片了嗎 不再搞大浪費模', '什麼時候才要幹伊布', '式了嗎', '還來啊', '有人想看這題材嗎==', '賣弄悲情騙取票房啊 台灣三部曲在哪?', '放心 這部有賺錢他就會繼續拿去燒了', '所以我說那個土堆三部曲呢', '幹嘛拍什麼續集？把你僅剩的一些美好回', '海角七號－後日談', '憶留在心底，不好嗎？', '現代片賺錢>全賠進古裝片']"
Gossiping,[問卦] 肥宅到處把店家白飯吃完會受歡迎嗎,zxcv157 (點兔騎士),Mon Jul 10 15:22:17 2023,"身為一個肥宅

什麼都不會就吃飯最會

如果我到處吃

幫大家檢驗哪間店家老闆幾碗白飯也要計較

身體力行主張吃的正義

這樣會受女森歡迎嗎??

","['https://i.imgur.com/N1BS3TI.jpg', '沒人在乎']"
Gossiping,Re: [問卦] 你最懷念衛視中文台哪個節目？,stjchl (潮王鄭成功),Mon Jul 10 15:22:44 2023,"小時候最愛哪個好像叫魔宮傳奇吧

一個光頭主持人帶一群人去闖關拿水晶球

那個關卡現在想起來還很酷炫

一定時間解不出來的人還會被關在裡面

大家要決定是要用一顆水晶球把他放出來還是繼續前進

記得有一次隊長決定繼續前進

然後鏡頭時不時就會帶到那個被關在關卡裡面的人 那個臉超無奈

最後好像水晶球夠多了 才把他放出來

然後主持人會一直在旁邊靠北 講垃圾話

整個節目超順暢

都不會冷場

還有一個是改裝機器人車子大賽

要把對方鏟翻的 那個很晚才有

後來這節目好像跑去AXN
","['南方公園', '是迷宮傳奇', '聖鬥士星矢', '機器人那節目現在還有', '最後是不是還有夾金紙', '娛樂金魚眼']"
Gossiping,[問卦] 所得超過120是不是很悲哀？,doraBBO (天才小釣手),Mon Jul 10 15:23:04 2023,"
安安，各位安安，買不起房子的魯蛇安安。

事情是這樣子的喇，我看現在很多補貼、輔助都有排富
現在小孩念書的好像沒有排富了，不然也是一個月多不少

我看一下一家四口，兩大兩小都上幼稚園

身障津貼         10.6萬/年
身障醫療補助大約    3萬/年
身障交通補助大約    2萬/年
房貸補貼            3萬/年
所得稅減免約        4萬/年
算上之前讀書的約   12萬/年

去年大概34萬以上，現在至少也有20萬
所以所得100萬過的不會比120萬的差，甚至更好更多

現在是不是不要賺太多比較好？
當初不小心賺太多補助被拔光光幹你娘
我隔年就直接跌回120以內了

無憂無慮的日子真的好

","['捐錢避稅啊', '補貼只有今年有而已', '超過很多的話不是', '都是過底層社畜生活有差嗎', '全家都上幼稚園？', '你家拿身障津貼和身障補助啊，辛苦你了', '你想要妳家人有身障麼？', '都能賺到120的人了…還…', '跟老闆要求減薪啊？', '一家四口都上幼稚園 真的辛苦', '北部120這樣也不多吧', '養四口有房貸等的話 吃緊了']"
Gossiping,Re: [問卦] 公務員都是一流人才有比較好？,zhuilou (),Mon Jul 10 15:23:43 2023,"


看哪國的公務員啦

基本上台灣的公務員一堆垃圾 ptt上也專出一堆垃圾

看他們討論議題跟查資料的能力

你就知道「小時候不讀書 長大當公務員」XD


新加坡的公務員基本上 不考試 只面試

所以頂尖科系的人才 只要發現相關部門有興趣 就會去面試看看 結果就上了


如果你要他浪費時間準備一年的考試 頂尖人才沒這閒工夫浪費一年去準備

就會直接去業界領高薪



所以新加坡不會像台灣專出一堆沒實力的公務員

基本上台灣會去考公務員的 就是考不上醫學系 考不上電類的魯蛇

在民間也混不下去 才會去參加公務員考試

那一群廢物裡面 挑出來的考生 還是廢物 這不是廢話嗎

畢竟該考試篩選的階段 早在學生時代就全面結束了 你之後一堆廢物篩選有屁用


更何況對手都是廢物的情況下

結果還一堆公務員當了萬年考生 考了好幾次才當上低端公務員

你說這種無腦公務員能做好事情才有鬼

因此在台灣 「小時候不讀書 長大當公務員」

一流人才到公務體系會怎樣? 台灣沒這種事

台灣一流人才都是出國或當醫生

二流人才在台廠科技業爆肝當奴隸

五流人才當記者

六流人才當公務員

","['我是不信6流能當公務員阿?  國考那麼好考?', '看看公家約聘\u3000不考試你要爽到關係戶']"
Gossiping,[問卦] 有太監的卦?!,dahanjian (強煎戰飯),Mon Jul 10 15:24:18 2023,"
太監 東西方都有

不過支那宮廷好像特別多?

需要割掉雞雞 不然會跟宮女做愛很不方便

有沒有太監的八卦

現在還有太監嗎?!


剛剛新聞聽到台灣還有?!

真的很恐怖


有瓜?!


















","['小人自幼家貧', '跟宮女做愛？跟皇后做愛了吧', '心想自成', '某人眼中別人手下不是狗就是太監XD', '來這裡不閹是不能出去的', '問天才大臣', '問皇上啊', '太監常自稱狗奴才', '哥布林太監很多', '王公公']"
Gossiping,[問卦] 收租一個月6萬就能終生躺平那麼爽？,pufferfish72 (海草養殖專家),Mon Jul 10 15:24:36 2023,"剛剛在dcard上面看到R

反正就是有人畢業後沒事做

靠著家裡租金10萬多 然後跟弟弟分

等於一個月無條件收入6萬多



然後就心死不工作

1個月房貸3萬多 貸款20年買個小套房

然後剩下的錢就每天打電動等死



馬的每個月租月收租6萬就那麼爽

那些一個月幾十甚至上百萬的還得了

有八卦ㄇ？

","['人家爽就好R', '一個月要十幾萬 除非北市熱門店面', '這要問什麼 就收越多越爽啊', '可以啊 只求活著的話...', '我三萬就敢躺平了', '如果清心寡慾不吃大餐不買奢侈品不出國', '這也算一種個人選擇啦', '就是個有錢的躺平族阿 跟沒錢的有區別?', '很好啊', '好', '吊虐社畜啊~^', '享受人生', '羨慕', '6w就已經碾壓絕大多數勞工了，要怎麼不', '爽', '一堆服務業不到3萬，被老闆跟大爺玩弄啊~', '~', '人家是資產階級呀', '羨慕', '一堆領基本薪資的都能捏著出國了 月收六', '萬還擔心出不了國？', '他把金流再拿去投入資產誒..', '收租很累的，還要應付房客，根本二十四', '每月被動收入有6萬我也想躺平，隨便找', '小時待命，完全沒有可以真正放鬆的時間', '個時數短的工作做就好', '每個月也只想打電動，你奈他何', '。全職收租比去上班還累，跟全職帶小孩', '一樣的概念', '躺著就超過薪資中位數50萬 爽阿', '不過一個月房貸三萬是哪招', '真的一堆工作很爛啊', '說不定他房租漲的速度還比你的薪水快', '收租也是有風險，房子被搞破壞，欠租，一', '可以啊 沒啥物慾 簡單過生活', '次修復就上百萬噴了', '躺平收租一個人可以爽到死', '真好', '一個月六萬省點用拿一半存正2十年', '後身價屌打你', '6萬很夠啊 他又不用買房', '十幾萬大概是有快3,400坪空地租停車場', '我店租一個月70萬 你想房東多好賺', '再怎樣都沒豬舍好賺阿~XD', '躺平就很爽了 還有6萬可領', '或是非北市有四間店面在收租', '如果家裡有這麼多不動產 我也不想工作']"
Gossiping,[問卦] 阿滴是不是缺乏雅量,dragonmester (),Mon Jul 10 15:24:58 2023,"阿滴一直很在意誰在Ptt罵他

還會在臉書同溫層公審罵他的帳號

看看人家蔡阿嘎 從來不在意這些

心胸寬大

阿滴是不是缺乏雅量

","['你 484 想讓阿 D 記住你？', '誰叫他要裝滴妹', '醫學界諾貝爾獎活佛 海鮮素治憂鬱症', '海鮮素大食客很難懂?', '他吃得是血清素八', '阿滴就私校仔 很自卑 才會搞一堆人設', '你這樣會被記到他的小本本上', '當人家吃素的', '阿滴是不是缺一個甲甲人設就無敵了', '他缺綠豆糕吧', 'XDDDDDDDDDDDDDDDDDDDDDDDDD', '越來越偏激了', '是缺流量的時候就拿酸民出來打吧', '阿滴連自己ID都不敢公布了', '要凝聚粉絲的向心力 首先需要一個敵人', '他有病阿 呵呵', '擁有共同理念 符號 動作 旗幟']"
Gossiping,[問卦] 哪間餐廳白飯吃到飽最頂？,poppyvampire ( ),Mon Jul 10 15:25:27 2023,"小弟肥宅啦

最近白飯事件阿

本肥覺得業者跟學生二方都有理

業者標榜白飯免費續，但没做到，是不對的

學生吃不夠白飯，跑去網路洗評公審也不應該

反正，不管那間店跟那些學生了

現在還是很多餐廳提供白飯無限續阿

那麼現在的餐廳無限續白飯的餐廳有哪些

你各位有推薦的嗎

本肥吃的餐廳不多，但大戶屋我就覺得不錯

比起很多餐廳，白飯煮得相對好吃

點一份套餐也三百左右

就可以白飯一直加，一直加

那麼北科的學生那麼想吃白飯，差不多的錢

不如去吃類似的連鎖餐廳

你各位有推薦其它白飯免費續的餐廳嗎？

",[]
Gossiping,Re: [問卦] 只有我覺得熱炒老闆玻璃心嗎??,sumade (斬卍凱蒂貓卍佛),Mon Jul 10 15:25:38 2023,"※ 引述《assassinASHE (幹古專用帳號)》之銘言：
: 我本來看新聞以為
: 一群學生掃完免費白飯
: 發現吃不夠 拍拍屁股走人 連錢都沒付
: 後來我才知道 原來他們有付錢 一人兩百多吧
: 欸不對啊
: 既然他們有吃有付錢 如實評述
: 那有什麼錯??
: 又不是發現吃不夠 直接走人
: 難道只有我覺得熱炒老闆玻璃心嗎??

不要說一人兩百多  有些一百多的小火鍋  飯也是放在那裏讓客人自己裝

你要吃八碗十碗  老闆也不會說什麼

這次的事件會鬧大的原因  主要還是兩邊都有比較不週全的地方


白飯免費供應等不等於白飯吃到飽

在正常情況下  兩者是劃上等號的

對店家來說  賺你菜錢賺你酒錢  白飯成本也不高

依照台灣人的個性  索性也就不收錢


但實際上免費供應真的等於吃到飽嗎  當然不是

就好像便利商店有提供免費廁所  難道就代表你可以理直氣壯在裡面大便八個小時嗎

方便不等於隨便  但偏偏方便和隨便的界線又很模糊

沒有一個明確的標準在  所以很容易造成紛爭

看到很多人說白飯免費供應還怕人家吃  所以先放在文章前面說明


回到案例  這事件的部分  我是比較挺學生的

大學生食量本來就比較大  別說1.2碗  男生就算吃個五六碗  都沒啥好意外

問題就出在人數

店家開在市民大道  看店面規模應該不大

今天如果三五好友來吃  哪怕一個人吃五碗飯  我敢保證絕對相安無事

但一次27人  又選在這種規模相對較小的店  當然就比較麻煩了


加上店家又位於市民大道

人均消費兩百多  對店家來說  也不能說虧錢  但就比較不符期待

十幾年前  一男一女  還是在中南部的熱炒  就點了破千

在這個便當都要破百的年代  還是在台北市

吃熱炒人均兩百多  也難怪店家會不太想補飯了


最後我會建議台北市的學生  以後想吃熱炒  可以考慮來新北市

台北市的消費  真的很不適合學生

同樣一道菜  台北市一盤150可能只有六塊  新北市一盤120卻有八塊

學生預算有限  錢還是花在刀口上會比較好

謝謝大家

",[]
Gossiping,Re: [問卦] 唐寶寶吃不到白飯會怎樣,noisy0135 (川),Mon Jul 10 15:26:35 2023,"※ 引述 《SSglamr》 之銘言：
: 是不是現在先找記者先贏
: 
: 唐寶炸物事件 也是媽媽被採訪 然後一開始風向整個壓垮老闆
: 
: 最後老闆還是關店
: 
: 這次熱炒店白飯黨事件 是老闆先被採訪 新聞發酵後
: 
: 也是學生馬上道歉撤文
: 
: 這年頭是不是認識記者先爆料先有用 先手優勢
: 
: 萬一唐寶在熱炒店吃不到白飯哭訴 是不是又可來場頂尖對決 看誰站在風向上面

有去腦麻協會當過志工 認真回一下給有需要的人

唐寶寶沒飯吃基本就兩種
哭 跟 吵
哭就是會大吼大叫 把飯勺上嘴 再安撫一下就沒事了
吵也是大吼大叫 但會伴隨摔東西之類的動作
這種就需要有人吸引注意並安撫 另一個拿拘束帶還啥挖哥從旁邊綁住 然後帶到比較安靜的
地方 等唐寶寶冷靜後再安撫餵飯

自閉症或其他問題的就不討論 畢竟只是幾天的志工 沒辦法講太專業

",[]
Gossiping,Re: [新聞] 柯文哲北流辦演唱會遭拒 北市議員齊批：,Bayern5566 (巴伐利亞五六),Mon Jul 10 15:27:23 2023,"只要看到藍綠一同痛批柯文哲 就知道柯文哲這次又做對了

不然藍綠為什麼那麼怕

要打破台灣長久以來的藍綠分贓 唯有靠柯文哲

我們只要堅定信心 無畏太監 一定能改變成真 持續發生

716 上凱道 終止藍綠惡鬥拖垮台灣



: 柯文哲北流辦演唱會遭拒 北市議員齊批：營造被迫害假象

: 柯文哲昨自曝，原本要在北流舉辦演唱會，但世態炎涼，蔣市府不准。他並暗指，「通常這
: 種事件，太監就解決掉，不會到皇上那裡。」

",[]
Gossiping,[問卦] 美軍F-16緊急迫降青森機場？！,seand8088503 (あいうえお),Mon Jul 10 15:27:55 2023,"如題

剛想說青森機場的liveカメラ

今天怎麼那麼多人

結果點進去發現大家都在看美軍的F-16

不知道出了什麼事 緊急迫降在青森機場

有卦嗎
https://i.imgur.com/3RFGPWS.jpg

",[]
Gossiping,[問卦] 吃飯錯了嗎,gyaoqwas (正在投食IRIS的男人),Mon Jul 10 15:28:21 2023,"是這樣啦
阿肥我看到最近白飯起爭議事件
就想到阿肥我有個高中同學
也是特別會吃 真的很會吃的那種
營養午餐吃到班上不夠 要去找樓下團膳阿姨
高中生補習的時候 晚餐就只能就近
阿肥我就吃個鍋貼咕咕園喝個幸福紅茶冰
這個同學就特別生猛 5點就去福勝亭報到
他在福勝亭那時候點一份咖哩豬排
一片豬排一碗飯 5碗
咖哩醬配高麗菜絲 兩碗
最後味噌湯跟小菜 再一碗
這樣子總共八碗 有夠可怕
要知道那時候福勝亭的碗可不是現在那個小碗
是黑色紅瞄邊的那種碗公
他這樣一餐就可以吞八碗
我一直嚴重懷疑啦 純屬臆測
我們高中旁邊的福勝亭就是被他吃垮的
不過學生吃點飯錯了嗎？

",[]
Gossiping,姓「那」要取什麼名字才好記？,inmee (J),Mon Jul 10 15:32:05 2023,"我朋友姑且稱他那先生，

沒錯就是這麼特別的姓，

他小孩就快出世了，在想一個好記的名字，

以後小孩容易被記住，發展更有機會，

除了知名歌手那英，

還有什麼不錯又好記的名字嗎？


",[]
Gossiping,[問卦] 如果你是老闆會再煮白飯嗎？,yasionl (肥宅小妹),Mon Jul 10 15:32:12 2023,"學生的立場是 你說白飯免費吃
可是吃完了沒有要補 賭爛

老闆的立場是 接近打烊時間
而且菜都出差不多 我煮白飯要半小時
你們沒吃完 也變隔夜飯 乾脆不再煮

如果各位是老闆
會對電鍋做一個補充白飯的動作嗎？

",[]
Gossiping,[協尋] 父親在大禮大同失蹤,louis82828 (),Mon Jul 10 13:39:03 2023,"        我父親於7/8（六）凌晨四點獨自前往大禮大同登山，七點十五分左右於流籠處聯
絡家人跟朋友說平安，後續就沒有消息傳來也沒讀訊息，直到昨日晚間都還沒歸來於是我們
去派出所跟消防隊報案。想請問是否有鄉民山友於六、日前往大禮大同踏青看到我父親？
特徵如下
頭戴黃黑色登山帽、衣著深色衣物、身背藍色背包、身高約170、體態中等
照片如下
https://i.imgur.com/w4wfK7j.jpg
https://i.imgur.com/rML7HQm.jpg
https://i.imgur.com/nZ0bzQV.jpg
有看到我父親的朋友麻煩私信聯絡我，非常感謝

","['幫加加', '獨自？', '第一張還以為來亂的', '高調', '奇萊山失蹤？找搜救隊搜尋，祝早日歸', '高調', '看錯，看圖以為奇萊山', '沒水沒電的部落.. 會有收訊嗎', '吉少', '幫', '幫推', '高調', '推', '高調', '幫高調', '推', '推', '要放鞭炮', '高調', '高調', '希望早日找到', '希望平安', '祝平安', '警察先生，就是這個人', '高調', '高調', '推', '高調，為什麼又獨自去登山', '無間道']"
Gossiping,[問卦] 肥宅都如何調適被拒絕後的心情,b8103033 (b8103033),Mon Jul 10 15:09:46 2023,"俗話說人生不如意十常八九

尤其肥宅要求女生做任何事情

幾乎都會被拒絕

那麼肥宅都如何調適這種心情的呢


","['肥宅早就習慣了吧==', '吃2桶白飯44看', 'https://i.imgur.com/N1BS3TI.jpg', 'https://i.imgur.com/J7e8IfI.jpg', 'nothing to lose', '尻', '自殺', '沒關係。去年也是這樣子…', '老師 有錢人的小孩什麼都比較會！']"
Gossiping,Re: [問卦] 中國正式通縮了 生產和消費物價指數都下,kuosos520 (kkk),Mon Jul 10 15:09:51 2023,"準備allin美股阿

美國每次大動作就是要弄死第二大經濟體
先是日本，再來歐盟，現在中國

中國都快死了，你還不allin美股？

有沒有覺得最近習近平跟戰狼的新聞越來越少了？

中國就準備要低頭繼續當賤民
生產便宜產品送去美國讓美國人繼續爽了啦

台美超級大勝利
all in美股，錢夠多建議補間六都房子
有六都房子的，快增貸出來再繼續補美股

十年後再見





※ 引述《peter080808 (peter)》之銘言
: CPI 歸0
: PPI -5.4% 全面下跌
: 題外話 中國物價指數一樣沒算房地產
: 算上去應該-1X%
: 正式進入通縮
: 這個……失業要怎麼救？ = =
: ","['記得買美債喔', '台灣也沒好到哪去']"
Gossiping,[問卦] 吃兩碗飯就要道歉,linein (linein),Mon Jul 10 15:10:00 2023,"
欸
這社會怎麼了
吃兩碗飯就要道歉
想當初以前阿肥一次都吃五碗
也沒有店家出來阻止阿肥吃飯
google還不能給負評
這社會怎麼了
有卦嗎

","['有種花錢買啦，免費仔', '哪有吃到兩碗', '你要怎麼證明你吃兩碗粉絲', '1.2', 'https://i.imgur.com/mj1HhQ2.jpg', '五樓挖肛門證明', '你自己要道歉的啊 有人逼你嗎???', '不要道歉啊幹，鄉民想看血流成河', '你ㄘ兩碗的飯 就付一碗的錢', '你說說看什麼是驚喜', '嘻嘻 店家有夠爛', 'https://i.imgur.com/LqnBFi8.jpg', '店家爛死', '詐騙集團會跟你說免費不等於無限量', '供應', '白飯免費 (賞你1碗)', '人家只說免費 又沒說要給你吃', '爛店吐了 每道菜都又鹹又油 還沒飯', '五樓圖片。感覺業主好….', '還嫌客人說鹹還點鹹豬肉。笑爛', '覺得店家爛+1 但是網路風向一面倒', '免費!=無限量供應  哪有這麼爽的', '拿五年前的文出來？笑死，好了啦免費仔', '有免費，也有吃到飯了，不知有啥好吵', '你有帶27個人去吃嗎', 'https://i.imgur.com/5YqkWg3.png', '媒體幾乎都挺老闆，不一面倒也難', '你說得對 學生根本無辜', '五年前說的不算數是不是？乾脆去只喝', '酒吃菜然後幫老闆洗碗收桌子，離開前', '你是不是吃呃兩碗粉只給一碗錢?', '給五星好評留小費', 'fb.dcard媒體北科其他係都挺老闆', '做生意的方法為什麼不可以改，你就說看', '看呀，你說嘛免費仔', 'PTT反指標正常運作中', '還是有人挺學生，反正免費就是要吃到飽沒', '有就揪團一星差評', '供三小 吃光白飯還去洗1星 被肉搜才道歉', '這群飯桶被公幹剛好而已', '窮學生吃什麼熱炒 當老闆不用賺錢？', '以前饗食炸蝦要等就被負評了', '挺學生的是校友還是差不多素質的人XD', '北科大素質不意外', '這種事挺學生才正常吧？', '就一開始先被帶風向了阿 可憐的學生', '說什麼白飯免費不是無限量 根本找理由', '花12000風向肯定反過來 簡單來說就是看', '不起花只花6000的學生們', '白飯怕人吃還不能給一星', '那吃到飽的最後30分鐘不能加點是不是也要', '出征', '你他媽的是弱智是吧，飯給兩桶也沒收錢', '，是要哭啥啦，免費仔', '邏輯死亡，吃白飯就是免費仔，人家有', '付錢的欸，五年前免費吃到飽發文留言', '，五年後免費吃完不補上新聞公審，還', '幫老闆解釋', '哪裡有付白飯錢???', '如果20元白飯吃到飽你沒飯吃再來批好嗎']"
Gossiping,Re: [問卦] google刷一星真的有用嗎?,touyuan (今天左手陪我),Mon Jul 10 15:11:37 2023,"其實出去玩吃東西，這個功能還是滿好用的
第一  先點 營業中
第二   四顆星以上
第三   看菜單價格
第四  看照片，跟負評(很少看正評)
其實簡單步驟

像下面我前幾天去澎湖就這樣點
很少踩到雷，頂多幾百元
https://i.imgur.com/cM5KE0O.jpg
https://i.imgur.com/6xvRQds.jpg
https://i.imgur.com/99FMrSD.jpg
https://i.imgur.com/yuKiilR.jpg

※ 引述 《iohan (iohan)》 之銘言：
: 　
: 　
: 如題
: 　
: 好奇問問
: 　
: 評論刷一星除了自爽外
: 　
: 真的能對店家產生影響嗎？
: 　
: 之前不是有個澎湖什麼廚的
: 　
: 被某個賭博實況主霸凌
: 　
: 兩個禮拜過去了結果現在評價還有4.5
: 　
: 後來聽說店家是可以刪評論的!?
: 　
: 　
: 　
: 那假設評論可以刪的話
: 　
: 快炒店點點滑鼠讓學店屁孩閉嘴不就完事了
: 　
: 還po網公審是在幹嘛？
: 　
: 而且可以刪評論的導覽平台本身公信力就是零吧
: 　
: 留言的沒屁用被留言的沒影響
: 　
: 為啥要那麼在意?
: 　
: 　
: 　
: 如果不能刪的話
: 　
: 那為啥4萬1黑店評價那麽高?
: 　
: 都沒人刷負評?
: 　
: 還是說其實從頭到尾4萬1都是被冤枉的
: 　
: 兩斤半炮管是真材實料
: 　
: 是某個自稱澎湖土人根本不懂吃
: 　
: 　
: 　
: 6000白飯 > 41000三點蟹粥
: 　
: 點解?
: 　
: 　
: ","['你的蚵仔不新鮮', '這些都是死的海鮮 不新鮮', '老實說根本沒去過的店亮著1.2星你敢去', '踩雷嗎?', '跟上露天一樣,負評看一看就知道七八成了.', '你在天龍國幾乎都4分以上', '所以這樣點多少錢???', '四星以上比較敢踩進去', '砲管有2.5斤嗎']"
Gossiping,Re: [新聞] 逛百貨遭2小兄弟「重捶胸部」　家人袒護,XristianBale (The Dark Knight ),Mon Jul 10 15:12:09 2023,"※ 引述《palajuice (芭樂好好吃)》之銘言：
: 1.媒體來源:
: ETtoday新聞雲
: 2.記者署名:
: 記者黃宥寧／台北報導
: 3.完整新聞標題:
: 逛百貨遭2小兄弟「重捶胸部」　家人袒護嗆聲！OL崩潰發文控訴
: 4.完整新聞內文:
: https://cdn2.ettoday.net/images/6354/d6354900.jpg
: ▲北市士林區大葉高島屋驚傳有小學生對1名OL以「拳頭重捶胸部」。（示意圖／免費圖
: 庫pxhere）
: 員警到場後，對方仍未道歉，2名員警留下雙方資料，但OL還是決定離開現場直接去報案
: 。她無奈指出，對方才11歲多，未滿12歲不能用刑法辦，但她仍堅持用性騷擾防治法報案
: ，雖然員警說低於12歲只能通知社工和學校輔導機制調查處理，但她下禮拜也會自行去提
: 民事告訴。
: 她痛斥，這種人父母態度差勁，毫無悔意一昧包庇，甚至直到員警到場，對方父親才開始
: 問自己孩子，她認為這種人如果姑息了，下次升國中就對其他女同學出手了，不用司法教
: 訓，以後是不是就去侵犯別人了，她強調不想下個女生受害，所以不會息事寧人。
: 對此，轄區派出所表示有受理該案，將由分局決定後續處置。由於少年事件處理法第85條
: 之1第1項規定：「7歲以上未滿12歲之人，有觸犯刑罰法律之行為者，由少年法院適用少

1994  新湖國小女老師命案了解一下

1994年任職於新湖國小的女老師吳曉蕙，陳屍於校園內地下室停車場，疑似曾被人猥褻，
詭異的是，她的臉上竟被用消防泥沙覆蓋，慘遭活活悶死

犯案時竟年僅15歲。黃啟峰如今已42歲，已於2017年假釋出獄(23歲被逮，估約坐牢19年)
，豈料他竟在2020年底，誘拐未成年進行性交易，
於2021年底被判刑3個月；同時評估他性再犯機率高，裁定送強制治療。

阿善師回憶，當年年僅15歲的黃啟峰，和另一名11歲的共犯阿銓(化名)，因為在家中看了
A片，對性產生衝動與好奇，兩人出外閒晃到新湖國小地下停車場時，看到獨自一人正準
備洗車的吳曉蕙，便摀住她的嘴巴、勒住脖子，而吳曉蕙無法掙扎陷入昏迷。但黃啟峰與
阿銓只是少年，根本不知道怎麼性侵，最後只使用嘴巴和手猥褻了吳曉蕙。當時兩人以為
昏迷的吳曉蕙已死亡，擔心遭報復，想起阿嬤說的「人死了只要蓋著她的臉，就不會被鬼
魂找到。」於是就地取材，拿樓梯間的消防土混合水，蓋到吳曉蕙的臉上，吳曉蕙慘遭消
防土活活悶死，最後兩人還打算把死者的車開走，卻不知鐵捲門怎麼開而棄車逃逸。

開庭時，法官認為黃啟峰殺人又毫無悔意，不慌不忙想開走車子，理論上應判處重刑，但
考量他犯案時僅15歲，因此與另一性侵外國女子的案件，合併判處20年有期徒刑；當時11
歲的小銓則判感化教育三年。據了解，法官處分黃啟峰需針對「性衝動」的部分，到專業
機構進行治療1年半再入監服刑。而2017年黃啟峰聲請假釋出獄，台北市衛生局持續追蹤
輔導教育，因此黃啟峰出獄後每月仍須參加兩次的團體身心及輔導教育，直至2020年評估
小組認為黃啟峰有改善，所以變成每月參加一次就好。

豈料2020年底，已經40歲的黃啟峰詢問一名未成年女子，是能否以2000元的代價與他援交
，少女答應後，他便開車載她到路邊停車格，在後座發生性行為，後來因少女與男友提起
此事，男友憤而報警，事件因此曝光。


所謂的#社會安全網
就是把性侵犯 不斷不斷的放出來
看看他們究竟是可教化還是不可教化

","['這是拍成台劇的那個案子嗎？', '六七年級生也沒多單純，垃圾家長不分年', '代', '社會推了一把', '忘記劇名了', '那個未成年的純粹你情我願的性交易，有', '不可教化？', '未成年?是多未成年 11歲嗎?', '至少長大以後不會再用暴力了', '現在教育普及 刑法標準早該下降了', '10歲都合理', '這種垃圾 就算關出來 還是垃圾 增加社會', '危險而已', '這種雜碎本來都該死刑 一點機會都不該', '給 給了絕對有下個受害者', '回憶回來了']"
Gossiping,[問卦] 夏天iPhone滑PTT一直過熱怎麼解決啦,rick102233 (),Mon Jul 10 15:12:25 2023,"https://i.imgur.com/nnW7hb4.jpg

受不了欸，怎樣才叫正常溫度啊

也才滑PTT而已也會過熱

都已經開省電模式了，螢幕反應變慢

CPU處理也變慢，充電還不是快充

還在那邊過熱

夏天是還要不要給人用iPhone

到底怎麼處理？

","['換新的', 'iphone不是防水？拿去泡一下就好了', '不要充電', '開冷氣啊', '不要用iphone或是不要滑ptt,二擇一', '你先把充電拔掉 過熱時到80就不會充', '下載冷氣app幫手機降溫', '你一邊充電一邊用手機哦', '真想充的話幫這公主手機吹冷氣', '不要充電時 使用', '先問個問題，你用mo跟J？', '不過現在的氣溫  你不使用 一定白天大都到', '80% 就不充了', '放到冰箱啊', 'BePTT 剛試了還真的 室溫不給充了', '不要到戶外區就好', '我人都感覺還好 手機就不給充 三小', '無框行動是啥酷東西', '你一定用mo', '你連網路用什麼', '加持信仰讓他降溫', '無框就沒綁約的4G中華電信吃到飽', '八成是mo', '把會發熱的APP關掉']"
Gossiping,[問卦]廢熱發電根據熱力學第二定律到底可不可行?,NARUTO (鳴人),Mon Jul 10 15:12:57 2023,"熱力學第二定律表示能量做功無法百分之百轉換
必定有能量散逸成廢熱

而且這些廢熱是無法重新利用的

所以未來某一天當全部的能源耗盡時人類文明將會終結（吧？那一天應該要很久很久？）



那為什麼會有廢熱發電？
廢熱在這熱到爆的夏天到底能不能拿來發電讓大家冷氣吹到爽？

","['效率非常差', '太陽發一天的熱度就比有人類以來全部加起', '來還多', '所以問題在於太陽，懂', '是要問幾次，重點是溫差不是廢熱', '與其要達到熱寂 人類先滅亡比較可能', '發電需要蒸汽，蒸汽需要加熱', '黨可以轉成愛', '廢熱只是用來把要灌進火力發電爐心的新', '鮮空氣預熱到800度而以', '用沸騰的愛', '溫度不足加熱不上去，耗時又費功', '效率&經濟問題 能發電不代表合乎經濟效益', '重點是溫差', '以色列作過在沙漠中用熱空氣發電，用1個', '20公尺的空心高塔讓太陽曬，形成空氣對', '要有個低溫源 而且效率的上限也是溫差', '流來帶動發電機的葉片', '所決定的', '以色列那個聽起來像類風力發電', '發電要有物理量的梯度啦，目前是壓', '力差', '我的構想是建照北溪二號級的管線橫', '跨南北半球，不過輸送的是高壓空氣', '，可以是二氧化碳，壓縮機的廢熱給', '寒冬供暖，氣體膨脹制冷給盛夏當冷', '氣，這就沒廢熱問題']"
Gossiping,[問卦] 二世祖遇到白飯吃不夠會怎麼辦,jimmy0316 (一吻便顛倒眾生),Mon Jul 10 15:13:05 2023,"辦桌通常是在戶外啦

欸 客人白飯吃不夠怎麼辦

會被主人罵吧

能先拿炸湯圓出來招待嗎

有人要贊助飲料和冰品嗎？

急 下線等

","['樓下看到五樓會怎樣', '總之先炸湯圓', '找人贊助', '先端出炸湯圓', '會送炸湯圓吧==', '一人一盆炸湯圓 看你有多會吃', '先炸湯圓ㄅ?', '煮麵 比較快 真的', '先補一桌炸湯圓']"
Gossiping,[問卦] 白飯是網軍拿來洗掉東海用的嗎?,ThorFukt (托爾),Mon Jul 10 15:13:19 2023,"白飯明明就不是啥屁大的事


可是看一些很眼熟的綠粉ID卻超熱衷討論這件事


而且從昨天晚上不眠不休 半夜都要發文討論到現在也太high了吧



白飯吃不飽的學生是不是被拿來獻祭 轉移東海的焦點用的?


","['4', '白飯好吃', '是，可悲的的是一堆智障在那氣的義憤', '阿怎麼北流太監八卦版柯粉特別安靜的說', 'https://i.imgur.com/dKW4Uta.jpg', '填膺', '浪費社會資源', '是啊 很明顯，因為賴導這種假演出太傷', '人設了', '應該調查 東海學生都吃幾碗？', '那個已經結束了 今天任務是洗北流', 'lie導太震撼了', '會記得的永遠會記得啦 腦弱的一樣一下', '就忘了 現在還有多少人記得將來可以不', '用支持民進黨這件事？ 還有人記得管中', '閔嗎 還有人記得可以拍桌嗎？還有人記', '得高雄撞死人議員嗎？還一堆勒', '怎麼不說用來蓋北流？', '大家在檢討小事啦', '掩蓋lie神巧遇學生']"
Gossiping,[問卦] 習近平的小太監現在是誰？,KENDO777 (KENDO777),Mon Jul 10 15:13:29 2023,"如題

習近平如同中國皇帝一般權力高上

島內事務通常都傳不到他那裡

如果要挑一個島上最優秀聰明的小太監

那會是誰呢？


有沒有八卦？

","['柯', '蔡ee', '五樓啊 整天在故宮被包子肛', '柯文哲阿', '柯文哲吧 長得也像', '蔡ee', '森蘭丸  馬芙丸', 'ee吧', '樓下肛門被誰肛過', 'https://i.imgur.com/X9lhuGM.jpg', '金孫', '應該是馬吧 智商不能太高的才好使喚', '太聰明的信不過 有謀反的可能', '除了主席以外整黨不是狗就是太監的那黨', '想也知是母豬，人家都說自己中國人了', '好多呀 有綠有藍有白有黃']"
Gossiping,[問卦] 〓.〓 中國的失落這次是多少年？！,xzcb2008 (可愛老娘變態貓貓=.=),Mon Jul 10 15:13:36 2023,"中國即將完蛋

〓.〓

大通縮時代來臨了

完了

日本為此失落了30年

中國即將步入日本後塵

進入失落時代

這次很慘的

可能會有很多人吃人的事情要發生

甚至吃把自己小孩子吃掉

中國這次失落

幾年呢有沒有八卦？！


","['20年起跳', '阿肥的符號失落30年了==', 'Xz仔今天要到幾點', '去年經濟太好 太多囤貨沒辦法銷售。資', '金轉移', '…是退林還耕慘，還是種電的慘，讓我們', '看下企…', '維尼繼續當就會一直這樣', '美國一定會率先釋出善意 大賺一筆', '欠債太多 要看多久還得完才能知道', '覺青：崩潰3000年', '生育率垮的比日本還慘 沒救了']"
Gossiping,[新聞] 諷黃韻玲是太監？柯文哲「借北流遭拒」,nananokase (七色之風),Mon Jul 10 15:14:29 2023,"TVBS


記者 林至柔


諷黃韻玲是太監？柯文哲「借北流遭拒」說　惹怒藍綠議員


民眾黨總統參選人柯文哲將舉辦演唱會，柯9日自曝，原本要在北流舉辦，但蔣市府不讓他
辦，感嘆「卸任市長，世態炎涼」，並指，「通常這種事件，太監就解決掉，不會到皇上那
」。此說法引發北市議員們眾怒，民進黨北市議員何孟樺怒批，這明明就是柯文哲時代訂的
規範，卻為了選舉跑出來作秀、裝可憐；社民黨北市議員苗博雅認為，柯的說法，近乎指控
北流董事長黃韻玲是太監，認為對黃太不公平，且民主國家，依法行政，不能知法違法，沒
有皇上太監的問題；國民黨北市議員游淑慧也喊話，柯總統候選人應該支持柯市長」。

何孟樺批評，北流不得租借場地舉辦政治活動，明明就是柯文哲時代訂的規範，結果，柯文
哲卻為了選舉跑出來作秀、裝可憐，臉皮真的有夠厚、無恥至極。她指出，根據北流的《表
演廳檔期申請及收費規章》跟《戶外及室內多功能空間租借規章》均有明確規範「活動不得
有關政治議題、競選活動」，所以，柯文哲在這個時候跑出來說「世態炎涼」，就只是要作
秀、營造自己被迫害的假象，質疑柯文哲當了8年台北市長連北流的規範都不知道，臉皮厚
成這樣，哪裡務實、哪裡理性了？根本就是一顆裹著糖衣的毒藥。

 

何孟樺說，身為教育委員會的議員，她也要要求文化局、北流堅持不為特定政治人物開惡例
，同時提醒市府務必嚴守相關規範，不要因為任何政黨壓力、炒作而妥協。

對於柯文哲稱「世態炎涼，我卸下市長不到3個月，人家就不讓我在那裡辦了」、「通常這
種事件，太監就解決掉，不會到皇上那裡」，苗博雅說，這樣的說法，「近乎指控北流董事
長黃韻玲是太監。我認為對小玲老師太不公平」，並指，事實上，民主國家，依法行政，不
能知法違法，沒有皇上太監的問題。

苗博雅說，依照《臺北流行音樂中心表演廳檔期申請及收費規章》，清楚明白規定「表演廳
活動不得有關總統、副總統、 中央及地方公職人員選舉競選活動、政黨黨務活動或其他涉
及政治性議題活動」，柯文哲參選人的「政治募款演唱會」，依法本來就不能在北流辦，且
北流不能辦政治活動的規章，是柯文哲市長任內制定，怎麼會有皇上的問題？北流董事長黃
韻玲，是柯文哲市長任內所任命，怎麼會是太監？

苗博雅稱，柯喊的「世態炎涼，皇上太監」說法，借不到場地就扭曲規則，塑造自己被打壓
的形象，不只是打臉柯文哲前市長，也真的是冤枉黃韻玲了。

游淑慧說，柯文哲喊的「世態炎涼被人家擋下」，還暗指北流是太監揣摩上意，言語傷人勝
於刀傷，本應最了解他們的前市長，卻這樣指控她們……「我覺得是讓人難過的」，北流的
經營方式是行政法人，有非常大獨立管理營運的權限，與小巨蛋不同，這是柯任內制定，而
北流表演廳的租借辦法和營運規章，從2021年開始就明定不得租借為政治相關的活動，這也
是柯市府任內通過核定的。

游淑慧說，這規定不只針對柯文哲，而是針對任何人，其實台北很多場館都有類似的規定，
中立就是一切依規定辦理，「我相信如果今天還是柯市長，應該也會支持北流依規章辦理」
，喊話「柯總統候選人應該支持柯市長」。


https://news.tvbs.com.tw/politics/2174802?from=fbarticlecomments


備註:是不是自己幹過什麼事都忘記了？

","[' https://i.imgur.com/73UecL5.jpg', '水準很低 但白粉把他當神明', '真的是沒必要為這種事扣分', '笑死，蛆吱又一家親了', '世間送龍袍', '柯文哲真的很扯', '白粉氣噗噗想找蔣萬安算帳，沒想到小丑竟然', '柯文哲沒罵人是狗就不錯了', ' 讓這咖當市長八年 是台北市民的不幸', '是柯文哲自己', '未來的總統 動輒把人民罵做狗罵作太監', '狗是可愛的意思啦', '民眾黨那些議員呢？不是很兇？說說？', '自己打自己還是柯又贏', '他是開演唱會不是？還沒登記參選總統的候選', '人開演唱會算政治活動嗎？', '白粉現在硬拗不是政治活動', '同一件事洗幾十個新聞 看膩了', '除了綠共白粉是最會操作風向的族群', '呵呵 還沒登記不算政治', '柯布林自己都說演唱會要偷渡政績了', '不要再跳針了，政治活動是柯辦自己說', '黃韻玲真他媽有夠雖，這爛坑還要被罵太監', '他只是個孩子呀', '白粉現在硬拗民眾党主席是平民', '其實這樣情況下 選柯文哲才保險 監督力道', '4%又翻車了', '絕對足夠', '成功把北流吵熱 謝謝阿北', '這咖滿腦子封建思想 可憐', '網軍真多', '柯真的要道歉啦', '要立法規定參選人不能開演唱會?', '自己規定自己忘了？', '民眾党主席不是政治人物？白粉確定', '推藍綠大和解 綠韓粉狠狠教訓柯', 'Ｋ(waii)Ｐ(ets)可愛寵物 狗場子踹罵不行哦', '這比喻昨天聽到就覺得不行，道歉', '柯文哲就那張嘴強 做事能力有待商確', '選舉募款演唱會不算政治活動喔？', '柯文哲活該被打一巴掌，蠢到自己丟票', '柯不是忘記規定 是知道但還要偷雞摸狗申請', '該道歉就道歉啦 不要給我硬拗喔', '被拒絕還要罵人太監', '沒事兒 柯粉會繼續護航', '他自己都說要夾帶了 還在說他沒政治意圖', '快出來道歉止血~不然這新聞鐵定玩個一週!', '黃有睾丸嗎', '的是在反串嗎？', 'https://i.imgur.com/AhBc9RT.jpg', '網軍真多', '黃韻玲是你任內派的 你想當太上皇？', '圖真快真有效率', '被迴力鏢打到了！', '自己訂的規章 罵黃韻玲是太監', '柯文哲哪次不硬拗？', 'TMD裡養的不是母狗公狗 要不就是太監', '苗比太監還噁 嘔嘔嘔嘔嘔', '狗嘴吐不出象牙，請不要對號入座', '柯已經卸任了，藍綠議員還在監督在野黨？', '申請前就知道不合規定還故意要夾帶', '根本沒罵黃韻玲太監 是藍綠議員當黃韻玲', '夾帶失敗就罵人家太監 有這種垃圾？', '一般民眾申請演唱會=政治活動 LUL', '是柯文哲罵的太監', '柯文哲你這個鍋，蔣萬安可是不揹的喔....', '阿北自己也說是募款，白粉繼續凹阿', '還不道歉啊', '那不然柯文哲罵的太監是誰', '笑死，到今天白粉還是硬ㄠ這只是演唱會...', '人神共憤哦~~~~', '白粉說一下柯文哲罵的太監是罵誰？', '這個比東海學生會長嚴重多了吧', '柯文哲本人都出來說當天會宣傳他的政績了..', '好多低能兒塔綠斑哥布林出來高潮ㄛ 嘻嘻', '封建思想不是一招吃天下的 蠢皇族意識', '沒罵太監，阿不然太監是指誰？', '柯文哲第一名，羨慕嗎', '白粉出來丟臉  又不是一天兩天的事', '民國都過百年了 還在皇上跟太監', '藍綠都罵 代表柯文哲罵人太監做對了', '阿北這番操作真的不行', '低級柯布林 笑死', '他這種講話方式不改  之後會更多攻擊點', '該道歉就道歉啦 柯粉護航難看', '柯要道歉吧 自己的規定還罵人太監是怎@', '苗才是太監吧XD', '柯憐啊', '白粉們。你們自己讓老闆翻車的。去切腹', '柯不是講話方式問題 是人品本來就很差', '還好啦 不用兩天賴跟侯就會自爆更大的', '你要不要推翻民國 重新制定律令', '人品差才動輒說人家狗罵人太監 心壞嘴臭', '白粉讓老闆出包。去切腹謝罪吧', '直接講哪一次沒惹怒就好 藍綠不就是個笑話', '阿北就是這點可愛', '先去看好規章再罵人吧。', '又被人抓語病了 這真的是啊北的短版', '令人反感的復辟', '我很喜歡她唱快樂天堂說', '真的該好好上性平教育...', '阿北該道歉了 出事啦', '黃這時候召開記者會離職最好', '白粉還拼命護航，真的有病', '幕僚自盡吧 敏感度不夠', '政治受虐兒這麼會演', '依法行事也酸人  這也捧得下去', '換了位子就換了腦袋？對 就是說阿北', '柯p道歉', '同樣新聞洗幾十遍實在很膩就是', '估計過沒三天 柯就道歉了吧', '草包市長不意外 就只會在那邊裝受害兒', '真的白癡 直接道歉吧', '阿北還不出來止血', '柯文哲該道歉了吧 還要ㄠ嗎==', '規定是你柯文哲2021年訂的，蔣萬安遵守你訂', '的規矩哪裡錯了? 你柯文哲要罵人家太監?', '博聲量 然怪總是只能當最後一名', '自己訂的 還想偷渡？', '不管嘲諷的是誰 別老是裝受害者', '被柯說中了 不用到市長就被否決 柯神', '藍綠大團結 深綠蔣粉變好多喔', '蔣市府到底錯在哪？白粉還要凹到怎樣', '阿北初4了！該拜地基子了！', '立院公器私用做黨務 北流募款 專門偷雞摸狗', '只有柯能讓藍綠和解', '這種人說要當總統反貪？ 最貪的民眾黨跟柯', '整天洗白粉4%阿北初4 洗到民調越來越高', '規定好的 就別說那麼多了', '對對對游淑惠這樣才對味☺', '各種小利都要佔便宜 還有人再膜拜', '發言人：太監可愛', '白粉只會扯藍綠，護航好弱', 'https://i.imgur.com/J30iFRr.jpg', '阿北又施鹽了', '當初爆發民眾黨利用立院資源做黨務 就該看清', '苗是不是對雞雞特別敏感 很多點可以', '罵的 偏偏要在名詞上說嘴', '拜託白粉不要再凹了，你們家主子自', '己承認是政治活動了', '柯文哲怎樣的人 他都覺得可以', '又團結藍綠了~阿北你真壞', '不能辦政治活動當過市長還不知道嗎', '柯罵北市府的官員是太監阿?!', '阿伯閉嘴啦 演唱會很重要膩', '叫賴侯辦演唱會阿 眼紅就說', '快道歉吧 不然很難看', '還有畜生護航不是政治活動，真的下賤', '柯粉 你們沒準備好讓老闆出糗。要下跪了', '這局柯扣20分', '幕僚混吧！沒準備好讓老闆亂發言。完蛋', '結果是綠共因為柯P就拒絕 不論任何活動', '了', '年輕人剛開始都對新政治抱持期待，', '這篇更過分了', '以為柯真的能改變什麼，殊不知後來', '才知道他只是羽翼未豐而已，事實上', '本來就失言，不必護航，建議柯文哲道歉', '台灣的政治根本沒有任何值得期待的', '黃韻玲沒想到她會跟政治扯上關係', '柯文哲只能道歉了。底下人也慘了', '柯糞…', '我實在不懂甚麼叫暗指太監', '柯文哲哪裡能改變什麼 他有道德就不會叫黨團', '斷章取義成這樣', '去立法院用公家資源做黨務了', '罵到太監真的過分了', '柯就是什麼都貪 又要指責別人貪', '笑死抱怨人家不睜一隻眼閉一隻眼']"
Gossiping,[問卦] 癱瘓支那國的網軍 要哪裡請?,dahanjian (強煎戰飯),Mon Jul 10 15:15:47 2023,"
這個我隔壁63歲高褲腰老頭

說台灣不要戰車 不要f16 不要地雷

只要學以色列網軍

每年選一天癱瘓支那高鐵atm

支那就會嚇得吃手手

版上資安專長的有沒有?!

請一個要多少錢啊?

台灣將軍級好像才十幾萬月薪

要癱瘓支那國

大概一個月多少? 有沒有可能?




瓜?@!











","['這視同宣戰行為，聽聽就好', '坐等2024 10.1']"
Gossiping,[問卦] 神會特別保佑虔誠der信徒ㄇ？,SaintSeven (我喜歡妳),Mon Jul 10 15:15:51 2023,"
像標題

孔老二曾說過要敬鬼神而遠之。對一切牛神蛇鬼，孔老2並不主張掃除祂們，反而沿襲ㄌ

古代人對未知事務畏懼並奉拜ㄉ盲目精神。但這種東西有人信自然也會有人不信。

所以說，比起不信仔，神佛會特別庇佑虔誠ㄉ信徒ㄇ？有卦不？？

http://i.imgur.com/trU5iYH.jpg
http://i.imgur.com/TqcqWM7.jpg
http://i.imgur.com/cOqoc4X.jpg
http://i.imgur.com/9iIT2KN.jpg
http://i.imgur.com/1p1uDvx.jpg
http://i.imgur.com/MaFd2HS.jpg
 http://i.imgur.com/jYU2AsB.jpg

（示意圖，不可犯罪。）

","['已報警', '根本沒有神', 'FBI...', '空氣會報佑低能兒？', '朱立倫說要遠離牛鬼蛇神', '看看信關公的侯友宜和郭台銘現在的', '處境不就很清楚了嗎', 'XD']"
Gossiping,[問卦]劉煥榮換這時代是不是免死可以出來選議員?,ikr3699654 (阿邱邱),Mon Jul 10 15:16:03 2023,"https://www.youtube.com/watch?v=N-knJSp4RK0

想不到這YT頻道說得很不錯 前台灣十大槍擊要犯之首

神經仔劉煥榮  專殺黑幫老大 私下逃亡居然還做很多善事??

除了逃亡菲律賓那次有案件是害死了一般人全家....

不過算是合夥的  又有一說是他只是有參與計畫討論 但沒去實施?

後來死刑要去槍決時唯一  一個對外面記者大喊[中華民國萬歲]

後來瀟灑赴死的真男人?? 當時沒有廢死浪潮時都有一堆人幫他求情

知道他不濫殺無辜 都專黑吃黑而已 而且都殺老大 真活到現在也出獄了吧?

有沒有生不逢時的說法?? 大家認為呢?


","['鄭太吉也可以', '一堆砍人斷掌的都是孤兒院資助常客耶', '至少可以選苗栗縣長', '要是晚生二十年，還能開直播當民意', '領袖', '他不會去欺壓善良百姓，但像是民進黨政', '客會啊']"
Gossiping,[問卦] 有沒有腦中奇怪畫面的八卦？,tga123 (叛帝),Mon Jul 10 15:16:19 2023,"肥宅失業多年

最近一直有個煩惱
就是怎麼睡都睡不飽

從早上六點起來吃完早餐睡到十二點
吃完午餐又睡到五六點，大概九點多吃晚餐
然後十二點開始睡到三點會起來一下
接著又回去睡到六七點

總是感覺睡不飽
起來沒多久覺得累又去睡

在還醒著的時候
手機玩太累眼睛稍微閉一下
就會看到很多人眼神空洞的人

從眼窩滲出血同時伸出雙手像我靠近
但是我最近看的影片還是玩的遊戲都沒有
這種類似的場景，以前也沒有過，但是卻總是在眼睛閉上的時候出現，睡覺的時候做夢也
沒印象有夢到過

有沒有腦中出現奇怪畫面的八卦？

https://i.imgur.com/dk4Gi8t.jpg

https://i.imgur.com/201atNQ.jpg

https://i.imgur.com/FyTrygz.jpg

https://i.imgur.com/N4gm2fe.jpg

https://i.imgur.com/obHZ8NE.jpg

https://i.imgur.com/Ru2nlr9.jpg

https://i.imgur.com/QdswIqB.jpg

","['4死神', '去看精神科', '哪部？', '一天睡6小時即可，菁英可能睡不到4小時', '射精精', '肥宅可以睡8～10小時', '體內識神將信號轉成你能理解的相，', '好好正常作息吧。累了就休息，少熬', '夜捏～', '之前每次確診時，內觀都會觀到一堆', '怪獸軍團。', '不覺得那些眼神空洞的人，其實就是', '等待接受訊號刺激的自己嗎？', '推薦你吃中藥清肺湯，我妹西醫生跟', '她同事推薦的。我之前也是一直咳，', '現在好了，而且唱歌還比較通暢咧！']"
Gossiping,[新聞] PLG代理執行長周崇偉失序行為董事會解除,lili712 (7年級韭菜),Mon Jul 10 15:16:52 2023,"1.媒體來源:ETtoday

2.記者署名:簡名杉

3.完整新聞標題:PLG代理執行長周崇偉失序行為　董事會解除職務

4.完整新聞內文:
P.LEAGUE+ 今日(07/10)表示，針對周崇偉先生日前於聚會所發生之失序事件，聯盟今日
召開臨時董事會，除決議將其代理執行長職務移除外，並對其原先行銷策略總監一職，
予以停職作為對該事件之懲處。

另針對聯盟執行長職權，將依性質由聯盟團隊各該管職掌代行，並預計於 1 個 月左右，
再召開董事會就該職位人選為選任。

5.新聞連結:
https://sports.ettoday.net/news/2537111?redirect=1

6.備註:
UCCU

一代換一代

","['怎麼會說又呢', '升職囉', '誰要當代理代理執行長??', '台籃日常', '下一位', '要升官摟', '代理代理執行長', '執行長傳統 me2', '#傳承', '某人平安下莊啦', '代理的代理', 'n號房-1', '下面移位~~', '趕快解散', '誰是下一個？', '沒差拉 反正都是過渡 最後黑人還不是回來', '代理*N 執行長  乾脆找女的好了', '下一位換誰來代理呢？嘻嘻', '下面一位', '代代理', '下一位壓力山大', '來多少都是黑人的狗', '要升官了', '下一任執行長我們邀請：Blackie Chen', '代理代理執行長', '又解除了', '下一個一定被放大鏡檢視', '恭迎代理代理執行長', '選一個沒有me too過的  如果選的到的話', '下一位的職稱是 ""代理代理執行長""?', '下一個找女的會不會比較安全？', '陳信安安哥可以吧?', '下一個性騷的預備上來了？', '不是才代理沒多久怎麼又換人呢 T1超車趁', '現在', '下面一位~', '可憐哪 沒什麼好說的', '下一位～但怎麼都這款的', '性騷擾行為好嗎? 避重就輕講成失序行為', '不敢接的都是...', '好 下面一位請準備', '在幹嘛', '掉棒嘍', '下一位性騷的請準備', '下面一位', 'P又贏', '找女的當啊 最好是變性的', '還有人敢接嗎 呵呵', '下面一位', '下面一位~~']"
Gossiping,Re: [新聞] 柯文哲爆北流辦演唱會遭拒　蔣萬安：他訂,ozjucka (JACK),Mon Jul 10 15:17:45 2023,"推 ronga: 一邊認知是演唱會 另一邊認知是政治活動210.61.66.43 07/10 15:03
→ ronga: 兩邊都合理啦   210.61.66.43 07/10 15:04
噓 bkm1: 都說辦演唱會了 到底哪裡是政治活動???101.9.174.167 07/10 15:04

柯粉請回答

演唱會收入認列到哪，TMD政治獻金還是柯文哲個人收入?

一直在偷換概念欸

484以為一直護航就可以就可以洗成這葛活動是個人演唱會阿

嘻嘻

","['一邊認知是演唱會 另一邊認知是政治活動', '兩邊都合理啦', '都說辦演唱會了 到底哪裡是政治活動???', '其實吼 演唱會可以借小巨蛋啊', '好了啦', '讓柯唱好唱滿 從早上唱到晚上', 'CF就不是歌手 什麼個人演唱會...', '就政治活動還在凹', '白粉好了啦', '演唱當然算唱酬啊，腦殘喔', '這就像問賴清德 東海學生是Set好的嗎??', '其實就是失言，會護航的可能沒看他昨', '天的直播，他自己是用開玩笑的語氣去', '提的，夾帶、看能不能假裝是演唱會', '另外跟你講啦 門票收入算是主辦方的', '沒啥 就幹話失言 被幹活該', '柯可以是無唱酬 收入都歸政黨', '列為個人收入不就好了', '整個見面會裡其實有更多的東西可以討', '論，不過現在好像只打算抓這個來打', '都已經賣演唱的門票了還在扯無唱酬', '可以繼續硬凹辦演唱會啊  看選民買', '不買單', '白粉純到看起來像是反串了', '民調升高要不要去死？只有哥布林愛吵小事', '收入當然是列主辦方阿  柯要不要無酬唱', '看他們怎麼談', '原PO才是一直偷換概念吧']"
Gossiping,Re: [問卦]廢熱發電根據熱力學第二定律到底可不可行?,loserfatotak (魯肥宅沒老婆(TAT)),Mon Jul 10 15:17:58 2023,"※ 引述《NARUTO (鳴人)》之銘言：
: 熱力學第二定律表示能量做功無法百分之百轉換
: 必定有能量散逸成廢熱
: 而且這些廢熱是無法重新利用的
: 所以未來某一天當全部的能源耗盡時人類文明將會終結（吧？那一天應該要很久很久？
）
: 那為什麼會有廢熱發電？
: 廢熱在這熱到爆的夏天到底能不能拿來發電讓大家冷氣吹到爽？

先講結論

廢熱發電幾乎不可能

但廢熱要利用的話有很大的潛力

例如低緯度國家，廢熱沒辦法處理

但高緯度國家，廢熱能為他們供暖

如果國家間能互相扶持合作

人類能將廢熱利用最大化

","['我們用黑洞把廢熱傳送過去高緯度國家', '最大「化」', '地面比較熱 離地越高越冷 利用溫差蓋個', '史特林引擎有無可能?', '肥宅的廢熱有回收價值嗎?']"
Gossiping,[問卦] 台灣小京都台南 價格最頂美食?,elmoman (\同志友善帳號/),Mon Jul 10 15:19:26 2023,"下週要去台南玩啦

人生第一次去

聽說小京都連米其林都不能打分數

老闆還用生命在守護美食

好期待喔


只想吃最頂的(好不好吃其次)

可以推個價格最頂前三名嗎

什麼我家巷口的我可不吃喔~

","['國華街', '台南沒有難吃的 放心的吃吧', '二砂或黑糖任選', '台南都很難吃 千萬不要來', '不懂吃就不要去  怕你留1星', 'n歲便找都馬很頂<對!只有價格頂', '小卷米粉不用去了，比澎湖的難吃', '先問你自己喜不喜歡甜中帶鹹的食物', '小京都=金澤  台南是Kamagasaki吧', '當然是阿堂啊', '價格其次 守護咱臺灣價值 無價', 'https://i.imgur.com/VDgY0Sf.jpg']"
Gossiping,"[問卦] 台積年減月減了, 該怎麼辦?",kisweet999 (淘氣喵),Mon Jul 10 15:02:32 2023,"  如題




  我幾天前才陸續撿了台積股票

  結果今天出六月財報 年減月減

  請問該怎麼辦...


  我的積蓄R~~~~~~~~































  30股QQ

","['再買300', '加碼', '本多終勝', '沒差你上面還有大學長', '準備下市qq', '下看50', '存股台雞店不如存股紅茶店，嫩', '越爛越噴']"
Gossiping,[問卦] 為何吃的賣貴了就一直被批，房價卻沒？,ljsnonocat2 (凡所有相皆是虛妄),Mon Jul 10 15:03:50 2023,"
  最近除了阿堂鹹粥漲價外

  又加入了白飯之亂

  不過吃的東西是能花多少錢？

  人生最重要的開銷  房子怎麼現在大家都不討論？

  這個才是差很大

  有沒有八卦？


","['建商投資客房東，這七年爽到不行', '房子買完後可以賣更貴 東西吃完後可以幹嘛', '大家不討論(X) 媒體不報導(O)', '有房的是多數阿，講屁話', '也是一直批 又一直買啊', '討論到爛了沒討論？', '建商 投資客 房仲 房東 賺到流湯']"
Gossiping,[新聞] 柯借北流遭拒嘆「世態炎涼」 蔡詩萍還原,kymco9999 (),Mon Jul 10 15:04:36 2023,"備註請放最後面 違者新聞文章刪除

1.媒體來源:
※ 例如蘋果日報、自由時報（請參考版規下方的核准媒體名單）
※ Yahoo、MSN、LINE等非直接官方新聞連結不被允許

聯合報

2.記者署名:
※ 若新聞沒有記者名字或編輯名字，請勿張貼，否則會被水桶14天
※ 外電至少要有來源或編輯 如:法新社

聯合報 記者洪子凱／台北即時報導


3.完整新聞標題:
※ 標題沒有完整寫出來 ","['https://www.ftnn.com.tw/news/31885', '看看柯文哲怎麼回應吧', 'https://i.imgur.com/WcuBA8P.png', '以後政治人物唱歌都是政治活動，閃靈漏尿', '高祖說你卡就是卡 勸你別那麼多意見', '柯痞辦公室自己回答北流 無法保證沒', '有政治活動', '然後白粉無視拼命凹不是政治活動', '柯又翻', '柯又再裝受害者了 有本事戶外開大場啊', '高雄世運很適合啊 其邁一定全力配合', '哪次不翻', '78當然樂意配合啊  但是柯要先繳場地', '費啊', '又是蔡詩萍之類的人在當官，藍色看', '到就覺得噁心', '嘿嘿...柯時代上班日還沒8點就開會，', '請問公子爺怎麼不說當初就規定的']"
Gossiping,[問卦] 如果每天都去把白飯扒光？,kingtama (立志成為唬爛王),Mon Jul 10 15:04:45 2023,"
就是啊

本以為飯桶事件落幕了

結果似乎要血流成河

如果號召桶學每天去扒光白飯

讓店家沒辦法生存

可行嗎？

","['可以啊', '店家不改規則也真厲害', '統神還是同學', '好事多演過了', '1碗160 ml的白飯2元，他一桶35碗，才70ㄅ', '記得去吼，不要網上號召上萬人', '實際不到2個人去', '柯白犯', '你每天檢舉消防，噪音，味道比去吃白', '飯有用']"
Gossiping,Re: [問卦] 韓女直播有什麼魅力讓魯肥一直看???,Ratzilla (Ratzilla),Mon Jul 10 15:04:52 2023,": 從昨天我就一直就看這韓女直播
: 看到我半夜都夢到了
: 這種直播有什麼魅力讓魯肥一直看下去啊

https://i.imgur.com/t1e3g5i.gif
https://i.imgur.com/he554c9.gif

給你動圖 你就可以下載起來 放電腦 放手機
隨時隨地 停紅燈 車上等人時 打開看一下 又不會炒到人

",['穿太多']
Gossiping,[問卦] 把房變成沒投資價值 房價是不是就跌了？,qwerapple (nomaman),Mon Jul 10 15:04:54 2023,"如題，就是阿

房價這幾年來越來越高

啊如果把房子變成沒投資價值

房價是不是就跌？

有卦？


","['金融業是最大受災戶', '我家市價。你家無價', '從你家做起', '理想是偉大的', '房地產不可能沒價值，任何事情被預測到就', '有賺錢的機會，房地產就是基於我預測你會', '生小孩去賺的缺德錢，這招古代就有所以一', '個國家剛完成革命都會誓言改善，國父的三', '民主義裡面的平均地權就是針對這點，這是', '執政者的魔戒，拒絕不了誘惑就變成現在的', '執政黨，不勞而獲的巨額金錢讓許多人瘋狂', '與墮落', '重點不是有沒有價值  重點是我不能虧', '錢賣']"
Gossiping,[新聞] 買台灣原創漫畫談棒球遇兄弟迷 賴清德笑,jal99 (jal99),Mon Jul 10 15:05:07 2023,"自由

買台灣原創漫畫談棒球遇兄弟迷 賴清德笑問要打架嗎

〔記者陳昀／台北報導〕副總統賴清德近來積極與青年互動，今前往奎府聚書店與漫畫工作
者交流，並鼓勵學生使用文化幣；身為資深「獅迷」的賴，當場購入包含棒球主題等數本台
灣原創漫畫，在店內遇到「兄弟粉絲」時，賴還打趣地說「要打架是不是」，惹得全場大笑
。

根據總統府釋出的新聞稿與影片，賴清德抵達後，先由書店企劃人員陳怡靜、店員徐琬婷介
紹台灣漫畫；漫畫家張季雅、左萱、韋蘺若明也分別介紹其漫畫作品及創作過程。

賴清德也與現場學生分享喜愛的台灣漫畫，他表示，自己喜歡棒球，但現在已經沒有時間看
球賽，所以先選購了《帶我去球場》，但也想看看其他好的台灣漫畫，隨後在店員推薦下購
入了《神之鄉》、《異人茶跡》、《送葬協奏曲》及《芭蕉的芽》等數本。

談論棒球的過程中，現場一名學生分享自已是中信兄弟的棒球迷，賴清德也開玩笑說「要打
架是不是」，學生隨即說「忠實的粉絲都是好朋友！」賴也回應：「是啊，我們是以球會友
！」

鑑於文化部針對18至21歲青年發放成年禮金1200點文化幣，作為藝文消費折抵使用，並提出
獨立書店點數放大專案，賴清德也鼓勵學生使用文化幣購買台灣漫畫，以實際行動支持台灣
原創漫畫。文化部長史哲及次長王時思等人也陪同出席。

https://reurl.cc/8jea5X

","['又巧遇 玩不膩喔', '他為什麼可以這麼尬', '智障', 'Lie導新片', ' 推賴神 很真誠實在 不會演受虐兒', '又是哪間學校的學生會長 還是工讀生', '我連酸都酸不出點 現場應該尷尬無比', 'action', '執政黨還會被虐喔？當然無法體會受虐兒', '賴都跪舔了 爽當副總統怎麼弄受虐形象', '支持統一讚啦賴神', '比另一個成天罵人家狗 太監 的好多了', '幕僚安排的啦 他本人根本不知道', '消費完學生，再來消費球迷夠了沒']"
Gossiping,[問卦] TVBS紅色跑馬燈很故意！！！,wsxcdsvv (台湾人),Mon Jul 10 15:05:19 2023,"TVBS下面那排紅色跑馬燈很故意

跑馬燈頭條大標題是幼園凶殺

剛剛只看到後面6死1傷 沒看到前面

想說是台灣的話就出大事了

結果再看一次是廣東

幹！廣東乾我屁事啊！

有沒有跑馬燈很故意的卦？

","['誰叫你只看幾秒的電視cc', '你在看電視喔 天啊', '什麼年代了還在看新聞台', '老人才看電視', '你自己沒看完整耶']"
Gossiping,Re: [問卦] 口爆真的會滿出來嗎?,TOMMY75410 (禿米),Mon Jul 10 15:05:30 2023,"對！

有些事真的很看天份！

有些女生就是不知道怎麼讓男生蘇服！

尤其越漂亮的越是！

會吹的請參考熊熊！沒30年功力是無法吹的這麼讚！

另外男士也要尊重一下對方！要噴射之前請給個信號！不然嗆到都不用玩惹☺




















所以我是推薦找個貼心的男友比較豪！畢竟男生最了解男生的點！他吹完換你吹，最後大
家再來覆盤討論一下哪裡該改進！

這樣進步就快惹，阿斯☺

※ 引述《engineer1 (爺呼弟)》之銘言：
: 那個
: 室友跟我說
: 他覺得最開心的時候
: 就是被口爆然後滿出來的瞬間
: 他有滿滿的幸福感
: 有人被口爆時
: 也會有這種心情的嗎?
: 可以分享分享~~

","['口爆到滿出來是吹到自來水管?', '還是男生懂男生', '越漂亮的配合度越高，通常是不怎麼漂', '亮的約雞掰！！']"
Gossiping,[爆卦] 鏡周刊把Selina當作梁靜茹 扯爆!,wwewcwwwf (桃園竹野內 豐),Mon Jul 10 15:05:28 2023,"https://reurl.cc/nDp30l

請查看新聞

鏡周刊新聞竟然把Selina 當作梁靜茹

這張是 李玟上Selina和納豆的小宇宙33號節目合作的

可以誇張一點啦

","[':alt+f4沒有用?', ':去你媽的', ':你才沒用', '他們對中國藝人比較熟 別這樣', '還蠻像的阿', '瞇著眼看好像差不多 都大餅臉', '都是大臉', '都圓臉+貧乳 容易搞錯', '記者腦殘正常啊', '誰？過氣', '可能這個記者太年輕了 不認識正常', '重點是這是昨天下午發的新文 已經快24hrs了', '這錯得太離譜了吧', '我也分不出Hebe 跟 田馥甄', '鏡週刊官網上還沒有人發現並更正...', '年輕人不認識很正常吧 不然就是在臭', '梁靜茹有夠慘，金曲沒半個還得被妓者', '這樣數落', '黨說你是誰就是誰 還不給我去改名字', '長得差不多吧', '都是大臉 過幾年更老了大概就像冰冰姐', '不意外 這個本來就很爛', '好險不是石原莉奈', '一個肥一個瘦 我阿罵都認得出 這樣也能搞錯 ?', '還好，萬一把民進黨與哥布林做區別，那', '才是誇張', '可見根本沒流量 哈哈', '我說鏡週刊 根本沒人看 當然不會有人發現', '還標註（翻攝自梁靜茹IG）難道IG沒寫自己', '名字嗎', '黑箱過NCC的傳媒 意外嗎', '黨說是就是', '（翻攝自梁靜茹IG）哈哈哈', '形狀很像', '經過綠媒一報導 我也覺得是雙胞胎']"
Gossiping,[新聞] 快訊／全台熱爆如烤箱！16縣市急發「高溫,foedoo (α),Mon Jul 10 15:06:25 2023,"三立

快訊／全台熱爆如烤箱！16縣市急發「高溫特報」　1地區防38度極端高溫

生活中心／魏聖凌報導

連日來全台高溫炎熱，台北社子多日高溫飆破38度，民眾出門宛如置身「戶外烤箱」！今
（10）日各地依舊炎熱，中央氣象局下午2時38分針對16縣市發布「高溫特報」，台東縣
為橙色燈號，有38度極端高溫出現的機率，雙北也為橙色燈號，有連續出現36度高溫的機
率；南台灣為黃色燈號，請注意。

橙色燈號：台東縣、台北市、新北市、桃園市、苗栗縣、彰化縣、台南市、高雄市、屏東
縣、花蓮縣

黃色燈號：基隆市、新竹縣、台中市、南投縣、雲林縣、嘉義縣

氣象局提醒，避免非必要的戶外活動、勞動及運動，注意防曬、多補充水份、慎防熱傷害
。室內保持通風及涼爽，建議採取人體或環境降溫的方法，如搧風或利用冰袋降溫等。關
懷老人、小孩、慢性病人、肥胖、服用藥物者、弱勢族群、戶外工作或運動者，遠離高溫
環境。

https://pse.is/54ecwj

","['還控溫 機場/車站又臭又悶 落後國家', '去你綠共的不缺電 幹', '働！要是716也這麼熱怎麼辦', '又不放假，發高溫特報幹嘛?我也知道很熱', '五樓肛溫高達45度 堪稱人體微波爐', '啊，但是能說不去上班喔?', '急三小 發這什麼聳動標題 幹你娘泣', '還不是要上班', '放假再叫我', '環境降溫=冷氣一律開到16度', '716就不去就好，冒中暑生命危險何必呢', '體恤人民就放高溫假啊', '阿兵哥:', '716 當然去', '旱魃再世', '台灣是不是有熱到放假過？', '真的好熱 早上冷氣一停就流汗', '高溫假勒 雇主要自立自強了嗎', '太陽能板再加持下去更熱']"
Gossiping,[問卦] 白飯吃到飽哪家cp值最頂？,puncher (牧童),Mon Jul 10 15:06:28 2023,"最近看到有很多人很愛吃白飯
想了一下
台北其實很多店可以白飯吃到飽吧

白飯吃到飽的店
到底哪一家cp值最高最頂啊

有沒有推薦的？？

","['福勝亭', '我家巷口', '自己買米回去煮', '自己家吃不用錢', '我家巷口         七月初就沒看他開門了', '自己家吃不用錢 是吃空氣?', '還是你家電鍋會自己長白飯出來', '記得看清楚是吃到飽還是免費供應', 'nagomi 進去只吃白飯', '六扇門']"
Gossiping,Re: [問卦] 當房仲要有什麼特質？,krit1009 (優文大師),Mon Jul 10 15:06:30 2023,"
本肥
出社會時曾經做過一年多仲介

因為本身對不動產有極高的興趣

我當初本來是想說既然對不動產有興趣
那麼就是做仲介就對了

當時仲介最愛講自己是什麼
您的專業不動產顧問
您的專業不動產夥伴
或是其它聽起來很像很屌一樣的抬頭

我當初還以為做仲介真的能學到些什麼不動產的專業
我媽知道我要去做仲介時
罵我罵得要死
說什麼好好的人不做 跑去做雞鳴狗盜之流

我聽了也覺得很荒謬
講那麼誇張幹嘛 至少也是份正當行業

後來發覺 我錯了
真的該聽媽媽的話

一入行 很幸運
不到三週就成交一間房子
永遠記得是一件1600萬的案子
收了5%服務費
仲介店頭實收服務費80萬元

我拿到的獎金大概也有3x萬吧
很扯吧 不到22天

我當時什麼都不會
只記得店長叫我講什麼我就講什麼

過程中除了開門看房子以外
都沒接觸到其他房子知識的東西了

服務費當然也是在買賣雙方分開不同小房間時
談價錢的時候跑出來的
這就是買賣方見面談卻又要分房間的原因
因為服務費不能見光

之後一年多
一樣沒學到什麼
只學到房子的皮毛
倒是演戲的功力大增

一年多之後回頭認真審視自己到底學到了什麼
不動產的專業幾乎是皮毛
不過倒是靠演戲賺了破百萬的服務費

我後來不想再演戲演下去
就離職了

現在在路上看到那些年輕的仲介
我都笑笑的

在看到那些資深仲介
我也笑笑的

反正什麼人都有

做人對得起自己就好了

我只知道做仲介我對不起我自己
所以不想再繼續下去 ㄏ






※ 引述《JQK2 (ACE)》之銘言：
: 業績決定成敗，周旋於買賣雙方
: 開發客戶，扮演掮客玩兩面手法
: 要當房仲需具備哪些特質的八卦？

","['那你為何不做呢 既然這麼好賺不好嗎', '給你學了一堆專業啦 客戶還不是只看價', '格 你那些專業知識可以成交嗎？', '學會了演戲不好嗎？']"
Gossiping,[問卦] 台科雞腿飯還在嗎,saygogo (45 35 25 買對下大抱緊),Mon Jul 10 15:06:48 2023,"台科雞腿肉質鮮嫩

量大管飯飽,免費無限續飯淋肉汁

隔壁台大男學生時不時越區來蹭

蟾蜍山陰眾兵將短暫返陽也常來此光顧

究竟有何魔力？

現在還吃的到嗎？


","['聽說沒了', '早就沒了吧', '一開始賣多少有人知道嗎', '會發這種文代表你已經老了，而且是很老', '了', '而且出事的也不是118', '早沒了', '我吃過耶 1995年剛交到政大妹常去', '沒很好吃 覺得名過其實', '肛交到', '早沒了 但自助餐還比台大學餐好吃又便宜']"
Gossiping,[爆卦] 馬世芳FB: 這個人可能會變成我們的總統,twoquarters (半個比爾),Mon Jul 10 15:07:14 2023,"
FB連結：https://reurl.cc/lDprq6
https://imgur.io/a/PUs8xiR

柯文哲說他原本想在北流辦演唱會。

據報導，他說因為該地是「東區門戶計畫的重要政績」，所以本來想「假裝開演唱會」，藉此「夾帶」宣揚政績，「結果世態炎涼，我卸下市長不到三個月，人家就不讓我在那裡辦了。」

他還說：「通常這種事件，太監就解決掉，不會到皇上那裡。」

拜託：「北流申請及收費規章」是柯文哲市長任內制定的，明文寫著不得有公職人員競選活動、政黨活動或政治性議題活動。詳：

https://is.gd/AO2khT （第二頁最下面，第三條，第二項）

據報導，北流承辦人員還特別詢問柯辦：「是純粹個人演唱會，還是帶有政治宣傳的演唱會」，但「當時柯文哲辦公室回覆，不敢保證沒有政治色彩」。你看，這種活動要是通過申請，就是「柯主席」賞「柯前市長」一耳光。

關於柯文哲的文化教養（or the lack thereof）、以及對流行音樂（或任何音樂）的品味，且先不提它。

但是他竟然以「太監」羞辱北流董事長黃韻玲。

他竟然覺得在北流「假裝」辦一場「演唱會」拿來「夾帶宣揚政績」是很 OK 的事。

他把「北流」和「演唱會」當成什麼了？

各位音樂人睜大眼睛看好：這個人可能會變成我們的總統。

附註：知名音樂人馬世芳開砲了

他覺得柯P想用演唱會名義來偷渡政治活動很不可取

這些音樂人是不是都是塔綠班啊，小鼻子小眼睛，阿北想在北流辦個活動錯了嗎？搞不好真的會唱歌啊，你各位說是不是

","['什麼知名音樂人，是側翼！', '想偷雞摸狗被拒絕罵人太監 這很可以當總統', '阿北很務實的', '一句話拿麼長，重點要放在太監兩個字', '這些哥布林好可怕喔', '開始抹囉，笑死', '雖然柯應該是在開玩笑，但反正就是失', '言了', '柯P拍謝，這個我會支持北流', '阿北施鹽哥布林撿槍進攻囉！', '不然那個造謠餵毒也會變成總統', '柯粉會說是平民開演唱會 和政黨無關', '爆殺小掛？', '隨便抹啦 反正非柯不投啦!!', '幹你娘 我們都讓蔡英文當了七年多總統了', '原來太監是羞辱喔', '這次是柯文哲的錯 請退選', '你是在怕柯文哲三小啦幹', '開始了.非柯不投.哈哈哈', '把可能去掉', ' 說實在 讓這種爛咖當八年市長', '柯批真的識人不明 陳菊的人就很識大體', '的確是失言 但這篇打的力度也太弱了', '吧', ' 台灣人已經夠衰了 天天在搞爛台灣', '道不道歉柯自己決定 那是他', '柯文哲這個政壇敗類代表的就是敗類政', '要面對', '治，說話不用負責任，到處散播謠言與', '其實要謝謝蔡英文 讓我看清民進黨的噁心', '與仇恨，幹您娘的垃圾', ' 罵人太監是價值觀有問題了 何止失言', '還在失言 柯經常這樣發言代表他真心這麼想', '跟之前罵黨工是狗一樣 他本來就沒人品', ' https://i.imgur.com/73UecL5.jpg', '高虹安都能當市長了 騙人P當總統ok的', '但是現在總統 接受黑道成為國策顧問欸??', '早說過了，師傅就自戀狂', '蔡英文都能當八年總統了 還有誰不能', '政治就是一齣時空打臉劇 不管誰來演都一樣', '馬世芳要不要來參加716大遊行 找回公平正義', '八卦喔 馬世芳這人光譜這麼明顯還要問喔', '中共同路人都出來參選總統了 怕三小？', '側翼音樂人', '沒辦法~民進黨爛太多了', '別再用失言打哈哈了', '美國人阿公比較讚', '柯柯真的有夠不入流', '上面某樓 把柯文哲換成蔡英文 更通順喔', '馬世芳這人光譜定在510nm 綠到一個哭', '如果這個人可以當總統，那真是太好了', '樂見其成 一定要選上', '那真是太好了', '黃韻玲 不是柯找的嗎？', '會跟范雲同台的人 是想要他中立到那？', '高調 高調', '綠光戰士團 參上', '高調 高調', '我猜柯會道歉,但餵藥案民進黨會道歉嗎?', '難怪台灣音樂那麼廢，都去搞政治了', '自信點 把「可能」2個字去掉', 'EE都能當了', '菜陰魂已經當七年了 我覺得放顆西瓜', '都可以', '柯怎麼不花10億蓋演唱會', '是比另外兩個適合沒錯', '看來716真的讓党很緊張，攻勢連連', '支持北流拉  自己規定的規矩 還罵人', '來了來了，咱們來比看看DPP與科P誰畜生', '這新聞應該可以洗個3天', '雖然是小事，但真的錯了，乖乖吞下去', '真的快笑死', '抱怨一下也能做大新聞，民進黨有多怕呀', '自己訂的規矩自己不遵守？笑話', '柯的確是沒有什麼文化素養，這次真失言了', '嫩，不如學垃圾詐騙党12e蓋嘻嘻', '側翼見獵心喜了', '就算不講北流，用演唱會偷渡政治宣傳也是很', '輸給自己的男人 柯文哲 出來道歉吧', '沒什麼水準，不把音樂當一回事', '又有一個人要被打成側翼了 Q_Q', '不過「可能會變成我們的總統」所以? 台灣人', '平均哪有多懂音樂? 哪有選過重視音樂的政府', '趁機捅刀，很會嘴嘛', '哥布林蹲了很久又找到新話題可以打了', '，一下違建一下停車場，整體吵這種雞', '毛蒜皮的事情，比喻不當比黑金還嚴重', '喔，噁噁噁噁', '塔綠班、覺青高潮囉  集結上工囉', '講得好像現在的總統多挺音樂人一樣.', '早說阿 原來是當8年京兆尹']"
Gossiping,[問卦] 賣一片賠一片是不是應該救救她了,fhuocrkt (老頭子一個),Mon Jul 10 15:07:19 2023,"我朋友賣土魠魚的
說生意做不下去
賣一片煎魚肚就賠一片
是不是應該幫幫她了
都不要去買就不會賠錢了？
讓她少賠一點讓生意能夠繼續維持
大家覺得這樣可行嗎？


","['土魠魚有煎魚肚?', '五樓賣屁眼也是賣一次賠一次', '抓到了！你朋友賣假貨', '蓋', '五樓肛門被插一次就爽一次', '五樓爽了', '五樓免費賣佛心屁眼做善事', '改賣白飯應該賺爆', '真的土魠魚的確很貴，但新聞說的是虱目', '魚肚，老闆出來哭的卻是土魠魚，沒有看', '過哪家店敢給整塊土魠魚肚的', '你可以搜尋康氏馬加鰆 看誰賣煎魚肚XD']"
Gossiping,[問卦] 唐寶寶吃不到白飯會怎樣,SSglamr (  ),Mon Jul 10 15:07:19 2023,"是不是現在先找記者先贏

唐寶炸物事件 也是媽媽被採訪 然後一開始風向整個壓垮老闆

最後老闆還是關店

這次熱炒店白飯黨事件 是老闆先被採訪 新聞發酵後

也是學生馬上道歉撤文

這年頭是不是認識記者先爆料先有用 先手優勢

萬一唐寶在熱炒店吃不到白飯哭訴 是不是又可來場頂尖對決 看誰站在風向上面

","['第一手天元', '慘了 店家又要被刷一星', '老闆怎麼不免費請他吃啦', '再加一個澎湖白飯', '你要集滿三十個唐寶去掃光兩桶飯', '也是有點難度', '老闆：你慘的過我 我洗米手都洗皺了', '血唐太高']"
Gossiping,Re: [問卦] 現在新房子也太小吧,dean1990 (狄恩院長),Mon Jul 10 15:09:40 2023,"這個本魯真的是心有戚戚焉。


本魯約莫是從7年前開始看房的，

當初預算大概抓1500萬上限（不含裝潢），

當初看了不少預售屋跟銷售中新屋，

只能說，真的都小到靠北，

這個預算內室內實坪很少超過30坪的。

而且都有幾個特色：


1. 一定有間房間小到靠北，

而且絕多數都比本魯現在房子的陽台小…

就是小到放完雙人床之後就沒剩多少空間，

看設計預覽圖很多人會把那房直接打掉。


2. 沒有獨立隔間的廚房，

號稱開放式，

其實就是為了遮掩坪數小的事實，

避免隔間後空間突然壓縮到爆小，

可是不隔間油煙味會四溢啊…

但隔間了幾乎就等於沒餐廳的空間，

所以裝潢上只能用吧檯或中島來處理。


3. 沒有餐廳的空間，

或說沒有什麼擺餐桌的空間，

甚至還看過格局怪到餐廳在客廳房間之間的

（不是一個方正的空間，而且無採光）。

基本上要擺餐桌就只能擺很小的四人桌，

而且通常會壓縮到客廳的空間。


4. 主臥浴室，

其實本魯非常不喜歡主臥浴室，

因為浴室洗完澡會濕，大完便會臭，

即使開關門，

但濕氣跟味道還是有可能會溢出。

加上很多主臥衛浴不知為何都喜歡放浴缸，

但說真的平常用到浴缸的機會真的不高啊。


5. 過多的公設，

如果是大社區或豪宅就算了，

才多少戶的小坪數中小型建案，

有游泳池健身房電影院造景有的沒的，

這些維護全都要錢啊…

果不其然，

後來知道很多建案都限制公設使用時間，

甚至連健身房都要採「扣點制」，

不是你想用就可以無限用的。


本魯當初看房的時候，

看到很多新成屋真的是買不下手。

很多朋友說就買下去吧以小養大，

第一間當投資賣掉再換大的，

很多人都這樣做。

或許再更早以前如此，

但說真的，本魯也查了一下之前看的建案，

確實價格上漲了不少，

可是其他房子跟新建案也跟著漲啊…

這樣換下來也頂多能換差不多條件的房而已，

只能說以小換大在以前行得通，

但現在真的是很難這樣玩了。


現在要買房，

找屋況好的中古屋真的比較實惠，

一樣的價格，位置好格局好空間夠，

嫌舊的室內重新裝潢一番，

也是可以住得很舒服。


","['游泳池一大堆抽乾沒在用', '都是暗聽 暗房 最杯居 很多', '非豪宅建商 游泳池很多都是夏天才開放', '笑死，七年前不抱怨買下去現在至少翻倍', '現在浴室還有沒裝排風機的嗎？', '10年前就開始蓋小  現在越來越小', '不蓋小 要怎麼辦?薪資普遍沒大變化']"
Gossiping,[問卦] 東海大演員比北科大白飯嚴重吧?,kasim65 (阿六),Mon Jul 10 15:09:44 2023,"最近真的該關注的是東海大事件吧?
一個要選XX的只會找演員演戲
還大學生剛好路過?
我們這邊的大學生6/17就放暑假了
塑造出聖人甚至神格化
那不就跟隔壁共產黨一樣了?

結果一堆人在吵白飯事件
反倒沒啥人關注這個東海大演員??

有沒有東海大演員事件一直被洗地的掛??

","['一個賴神加分 一個八卦翻車 怎麼比', '別這樣，人家以後有機會月薪九萬ㄟ', '你知我知', '職業學生比較嚴重 但北科老闆直接Cal', '其實都很無聊，只是賴很糗而已，沒什麼', '殺傷力', 'l三立，那你想，這群北科學生即便錯', '沒那麼大也會出事。', '賴導可以以賴神勸學參加明年金馬獎', '敢叫北蚵大 當然要修理一下', '4', '所以大家才會說民進黨是綠共啊，每次黨', '出事就抓藝人來開刀的意思', '人家掌握話語霸權小小北科怎麼鬥？', '北流太監 > 東海演員', '我剛剛也在想這個不就消費糾紛而已，', '洗一堆版面']"
Gossiping,[問卦] 車商為什麼不會賣不掉加價賣？,ha3810996 (微八嘎囧),Mon Jul 10 14:48:38 2023,"囤房稅2.0上禮拜放出消息，
護國群山地動山搖，
紛紛氣得跳腳，
直指這樣根本在懲罰業者，
還說汽車賣不掉也沒有課囤車稅！

不過車商銷量差的時候，
常常各種促銷，
甚至先打成領牌車，
再用落地價出售，
跟建商比起來，
抗壓性真的太差了，
為什麼車商學不會建商賣不動加價賣這招？

我記得愛河之心旁邊有賣了10幾年的大坪數豪宅，
從每坪10萬初頭，
已經漲到現在一坪快40萬，
這種競爭力，
難怪是經濟的火車頭！

","['買車保值又沒房子高', '台灣車子一直漲價阿=.=國產一堆百', '萬', '車子的持有稅屌虐房子', '三民區真的漲的很唬爛', '汽車落地就開始貶值了 台灣車還超貴', '車商什麼時候沒有加價賣？有降價過麼？', '房是房 房+地是房+地', '颱風沒進來煤煙水車降甚麼價XD', '沒淹水', '換個角度，加爆車商持有稅，車商會降', '賣你還是把稅加你頭上？']"
Gossiping,[問卦] 雙北那一條路最清幽,roe7600123 (多蛙),Mon Jul 10 14:48:50 2023,"目前住在仁愛路與金山南路的巷弄裡，
原本以為住在仁愛路很清幽很爽，但實際住起來好像還好，
最近想搬家了，以上班的方便性，目前只考慮台北的中正區、大安區、新北的中永和，
你各位台北人有沒有推薦住的路啦。
","['中和靠山小巷任挑', '人煙稀少的地方自然安靜', '大直明水路豪宅那邊', '鄉民附近都住66歲女鄰居 你要?', '我知道一條，只有清明節稍微吵一點', '天母啊', '金山三芝 夠清幽了吧', '我家巷口', '黃泉路', '文山區啊 清幽又便宜', '辛亥路很幽', '巴拉卡公路', '文山區你要靠近信義或是大安都有', '清幽便宜 只是房子比較舊', '如果那邊的巷子你都覺得不夠清幽了，', '你還是搬去山裡算了', '小南門那邊晚上幾乎沒人', '中永和不用考慮了 人口密度堪比孟加', '拉的地方', '如果你錢很多 大安區不少地方可以挑', '北橫比較清幽，北宜比較多重車', '仁愛路', '北橫又不是在雙北 地理北七？', '建賢路草東街口', '八連路二段', '青田街', '中永和就不用去了啦，根本____', '雙北挑戰就是騎北橫跟北宜一圈啊', 'https://i.imgur.com/kvWDqwo.jpg']"
Gossiping,Re: [新聞] 綠今告：棒球場改善標案圖利 高虹安駁斥,QuentinHu (囧興),Mon Jul 10 14:49:00 2023,"民進黨滿腦子都是選舉

176萬顧問案，突然什麼都講究了起來

之前花12億的時侯

屁都不講，沒有問題不用監督

把當全民都是白癡要到民國幾年？

現在連路邊小孩子都知道

民進黨內心怕的就是找人來作改善方案

改善方案除了要講花多少錢

主要是真的要挖開施工

到時侯底下不管有沒有死人骨頭

全部都會被挖出來

然後他們覺得柯屁會拿這個出來選舉猛攻

但這種邏輯就是什麼都只想選舉

高如果要搞他們作秀，早就搞了

找個怪手挖土機每天挖呀挖

何必等到什麼大聯盟評估

人家是真的想要改善讓球場能用

只有民進黨當底下有什麼大秘寶

千方百計阻止後續開挖

我看這幾個議員之後就會找臨演

高喊程序不正義，肉身阻擋挖土機了啦


","['？', '推', '這幾個包庇圖利小智的垃圾議員應該抓去', '關', '中央給錢，不給地方監督。', '推', 'https://www.ftnn.com.tw/news/31991', '滿意度說明一切', '有要舔挖土機我才要看哦', '176萬圖利 12億爛球場算什麼']"
Gossiping,[問卦] 中國正式通縮了 生產和消費物價指數都下,peter080808 (peter),Mon Jul 10 14:49:44 2023,"CPI 歸0
 
PPI -5.4% 全面下跌
 
題外話 中國物價指數一樣沒算房地產
 
 
算上去應該-1X%
 
正式進入通縮
 
 
這個……失業要怎麼救？ = =
 
","['台灣贏了', '所以他們在放任人民幣貶值', '但大陸的薪資不漲真的沒用', '難怪跟不上台灣', '台灣比大陸慘10倍都不只,還在看大內宣', '不管怎樣都是中國贏', '恭喜，這方面中國還是領先者……!!', '都是唱衰啦，快超英趕美了', '可憐的中國韭菜賺不斷貶值的人民幣', '沒救啦 只好打台灣試試', '還不降息', '中又贏', '中共已經動銀行的(人民)錢去救地方財政了', '服貿不是要給他簽起來XD', '剛開始而已，還有30年', '印鈔啊', '1.打台灣 2.加入服貿一起當韭菜', '之後消費會更加萎縮應該是跑不掉的...', '不合理阿  公務員素質這麼高', '中國贏了兩次 雙贏', '藍白粉理想國度 服貿簽下去', '日本失落三十年現在還是活跳跳', '沒錢沒關係 有黨就夠了！', '中國發消費券很難吧 苦百姓不能苦共產黨', '讚 可以在淘寶大買特買了', '台灣物價房價井噴成這樣,好意思造謠大陸', '人民窮苦就會戰爭推翻帝國的', '未富先老的可悲國度 817的夢想之地', '管別人幹嘛 先關心自己吧', '台灣比中國慘10倍？某樓的眼睛真的', '趕快去看醫生', '，在那睜眼說瞎話，連個數據都拿不', '出來！', '台灣比中國慘十倍 你趕快搬過去就好了', 'https://i.imgur.com/tlFXBtq.jpg', '戰爭治百病啦   不然沒救了', '中國崩了有很多舔共仔會哭哭的', '只是剛開始而已 會比日本失落的30年還慘', '這只是開始而已，至少十年中國都吃', '沒加蓋  快去對岸賺大錢阿', '屎', '人民回歸平淡的生活', '瘦死的駱駝比馬大 不要小看中國', '中美對抗 民主vs專制 結構性抗對無法改變', '薪水沒跟上 通縮是正常的吧 中國那個物', '價很恐怖', '不必救，人民只是數字，中方一致觀點。', '台灣蛋都二倍了', 'https://youtu.be/3GVOWIlgp4U 真慘', '死亡螺旋', '幾年前就叫台商要跑了 還在的 就等死吧', '通縮才不正常，改以物易物或外幣交易才正常', '準備走上30年大衰退', '。', '瘋狂上淘寶買東西 讚讚讚', '龍的傳人（X) 痩死的駱駝 (O)', '不用替台商擔心啦，前面二十年早就', '賺飽了，家產可以用三代了，只是少', '了一些唱秋的舔共仔而已', 'CPI歸0物價也不會跌 等CPI變負的再說~', '全世界東西越來越貴，只有中國便宜', '可以瘋狂淘寶了呀', '證明了社會主義制度的優越性', '中國打房，打車價，反觀台灣', '沒錢當然通縮啊', '通縮還能反觀？？是希望台灣通縮嗎？', '中國吸收台灣資金 台灣資產被迫貶值', '不太懂', 'gdp還沒2萬就開始失落三十年也太慘', '有本事的台商 早就去越南了 我前老闆就是', '隨便罰一些上市公司就好', '要死大家要一起的概念', '添共仔的如意算盤~棄台北救北京', '反觀塔綠班毫無作為罔顧民權', '中國越來越強! 美國布林肯、葉倫都去跪了', '如果到年底還沒好轉 那就真的會很慘了', '中國是放手給他貶，台灣是抓著不敢讓他', '升', '好棒喔2001中國崩潰論到現在真的崩了', '看八卦版就懂，就是無腦中國贏了', '連假數據都蓋不過了，慘', '房地產那邊爛攤子太多  降息銀行會先倒', '他們現在很多方面都比去年預期的差', '塔綠班不知道出口數據啊 可憐', '現在也不能升啊 PPI都-5% 升息 工廠', '直接擺爛 賺那點毛利還不如錢放銀行', '反智仔最愛的習國', '出口狂衰退的笑別人即將崩潰 世界奇觀', '怎麼可能 高素質的共產專政耶', '反觀', '中國出口運費有補貼 可能會被美國取消掉', '中國在下一盤大棋', '真的取消掉 出口應會下滑', '看愛支病患者流著淚繼續嘴硬好舒服', '沒差啦 中國人命不值錢', '最愛酸北漂仔~這次決定支持加入共產', '通縮印鈔就好 別擔心', '一起貶值救中國', '派去俄羅斯參戰就好啦', '吃草就能活 怕啥', '沒救了吧 生育率垮的比日本還慘', '有底子的台商早去越南泰國了', '通縮比通膨可怕 八卦經濟是柯教的嗎？', '中國出口數據已經被抓包跟歐美進口數據兜', '中國可怕的不是出口衰退 是投資減少', '不起來了 剩下的盟友中東非洲量體又不夠', '大', '有沒有看過通縮跟通膨一起同步的 沒看過可', '以看看中國', '你只要算法不一樣就會同時存在 小事']"
Gossiping,[問卦] 讓自己的小孩早點認清現實？,ssnopra (provia不要開口～不要回 ),Mon Jul 10 14:50:39 2023,"昨天我媽又說了經典名言

她說為何從小讓我在台北市上學

就是要我早點認清現實

我聽完一整個問號

為何她既然都認清現實了

還要把我生出來啊？

ps

她今天看到大谷翔平

就說怎麼有辦法生出這麼棒的孩子

我就回她，搞不好人家有錢啊

然後她就說她要去刷牙了


","['你去跟她講啊跟我講幹嘛.jpg', '先承認劣質基因會遺傳的', '就好像海線顏董生不出金城武一樣', '五樓都去228早點認清現實', '某種程度來說，這種父母講的屁話根本', '就是在嘲諷自己', '他也只是在賭可能性罷了', '去跟她講啊，在這講有個屁用', '其實還有個很大的問題要解決，2024下架', '廢物民進黨', '你確實是你媽親生的，根本一個樣', '你酸完你媽 然後看到鄉民嘴一句', '突然就爆氣了 哈哈 這畫面真荒謬', '醜小鴨會變天鵝是因為他原本是天鵝', '不不不 你要搞清楚一件事', '你媽可能是生你出來後才認清現實的，', '所以你應該減輕她的負擔，知道該怎麼', '做了吧', '從頭到尾只有你跟你媽的想法、認知', '被放在檯面上討論 乾我屁事 哈哈', '你既然這麼在乎她 幹嘛公開嘴她', '我回了又沒差 檯面上只有你跟你媽', '大家進來也只會討論你跟你媽', '所以你現在還有要嘲諷你媽嗎?', '沒的話這篇也沒啥好看的了']"
Gossiping,[問卦] 明朝的崇禎皇帝時代怎麼這麼像台灣?,xhs (),Mon Jul 10 14:50:49 2023,"崇禎皇帝殺魏忠賢幹掉閹黨讓東林黨的人上位

東林黨=在野黨=正義的代表

閹黨=執政黨=邪惡的代表

結果東林黨一上位，你猜發生什麼事? 瘋狂貪污腐敗，整個國家走向滅亡

做的事都跟閹黨同樣的事，而且還更瘋狂


你把閹黨=KMT

東林黨=DPP，放在一起完全沒有違和感


唉歷史只是不斷的重演而已

","['沒關係 你水桶裡', '柯P是接下來的吳三桂', '哈哈', '太監再壞也只能效忠皇帝，文人卻是人盡可', '夫，大不了換個皇帝磕頭就是', '其實閹黨還包含與東林不和的各派系文臣。', '現在是 小冰河時期嗎?', '那客氏4誰？', '比喻的不錯 但還是要88', '應該說 太監再壞 旗子也不會換', '我覺得比較像南宋末 XD', '但是士人誰都可以', '智障幻想文', '國家歷史太短，公民意識太爛。', '最後陪皇帝自殺的也是太監 不是士人', '不然今天上凱道不是館長，人民會自', '己暴動。', '一樣的地方是，國政搞到百姓無暇關', '心政治。', '閹黨有在做事~', '這兩個都不是什麼好鳥，哪來的正義邪', '惡']"
Gossiping,Re: [問卦] 27個人預算六千多 哪裡消費cp值最高？,louiswei1986 (禪寶寶),Mon Jul 10 14:52:59 2023,"桃園龜山鄉下有一家牛排店，
最便宜的牛排140，
濃湯、飲料、冰淇淋吃到飽基本款，
還附加麵包隨你烤、鐵板麵隨你吃，
基本上也沒看過在那邊跟你543時間到了。

說真的沒錢吃什麼熱炒，喝瓶酒都一百了，
還真的以為熱炒一百就是一盤一百塊喔，
那根本沒有幾盤一百塊好嗎？
你會跑去台南擔仔麵只點一碗麵嗎？

小朋友聚餐就去麥當勞、平價牛排好嗎？

","['光喝玉米濃湯就飽了', '早期真的是一盤100 少數昂貴食材才不是', '但萬物皆漲後就只是個名詞了', '他們這團最適合的是叫便當...慶個屁功']"
Gossiping,Re: [問卦] 阿堂鹹粥闆娘落淚：冒著生命維護台南小吃,XFight (       ),Mon Jul 10 14:53:05 2023,"王幸鳳 冒著生命守護一碗粥 冒著生命守護員工

員工薪水漲多少?

這麼哭哭老闆 如此冒著生命

出來選總統~~她必用生命守護大家

幸鳳 幸鳳 好辛苦 漲價還要哭哭....~!!!

拍拍 幸鳳別哭了  回去數鈔票  讓妳心情好

※ 引述《fraternity (聽說小新比魯夫聰明)》之銘言：
: 阿堂鹹粥老闆娘落淚表示：
: 她是冒著生命維護台南小吃
: https://i.imgur.com/K7lcdiO.jpg
: 原來賣魚粥這麼危險嗎....？
: 大家不要再抨擊了，感覺老闆娘有點可憐@@

","['賣一碗賠一碗 冒著生命守護 太神啦', '踴躍吃魚喝茶 用行動支持', '這真的太矯情了啦....', '酸腫痛啦', '發票還是一樣不會自動開', '扛粥保台～', '冒著生命忘記開發票 冒著生命漲價', '數錢', '說不定他們的員工都很高薪水呢', '漲價真的很痛苦 他們也不願意 大家要體諒']"
Gossiping,[問卦] 48歲去電影院看皮克斯很幼稚嗎,Wwww4452 (餒餒我駿民啦),Mon Jul 10 14:53:15 2023,"大家好

我俊民啦

aka皮克斯鐵粉

靈魂急轉彎 腦筋急轉彎 玩具總動員1-4

我都超愛看的☺  ☺  ☺

最近出了元素方城市

看起來很好看欸

但我揪老朋友們看

他們都覺得很幼稚☺  ☺  ☺  不想企

說那小朋友在看的

餒餒

不都是電影嗎

會很幼稚嗎

有沒有卦☺  ☺  ☺

","['你不會揪你兒子去嗎', '你可以帶二樓去還可以肛他', '幹48歲好扯喔，踏進棺材超過一半', '或揪女兒去也可以呀', '最近皮客斯有好看的嗎，覺得都讓我不想', '進場', '問這個問題比較幼稚', '元素方程式啊', '確實幼', '你是長不大的孩子嗎？幾歲了還在看卡通', '很好看。我陪孩子看覺得獲益良多', '水準下降太多了，玩4開始就一路下滑', '覺得皮克斯有些動畫比較大人向耶，像靈魂急', '這次的元素，你真的覺得可愛？', '轉彎和腦筋急轉彎，小孩子可能看不太懂', '以前正常的水準經常是老少咸宜，現在真', '的不太懂客群是誰', '開心就好~', '不會']"
Gossiping,[問卦] 白飯事件 台灣人到底奴性有多重啊？,songyy886 (chiuchiu),Mon Jul 10 14:54:17 2023,"美國連鎖平民餐廳 Olive Garden

主要是吃義大利麵的餐廳

https://i.imgur.com/1PcT92s.jpg

https://i.imgur.com/UvE4l0S.jpg

時常推出 $5.99 or $6.99

麵包、沙拉、湯     一律無限供應 (unlimited)

人家不敢玩文字遊戲 私下找記者爆料 公審消費者

什麼我們只是 unlimited （無限供應）

不是 all you can eat  (吃到飽)

以美國西岸大部分時薪 $15-$17來講

價錢超級佛心

可以想像成台灣一小時基本工資的40%就管飽

餐廳敢說無限供應 就不敢說來不及準備

如果有缺東西 就打折或是免單




當27位肥宅聚餐 在告知餐廳用餐人數的前提下

要了人均1.2碗的白飯(原本店家說無限供應)

有人想吃第二碗飯 結果被告知要等40-70分鐘

然後肥宅們不爽留一星負評

餐廳直接找記者加公佈監視器畫面意圖肉搜

然後學校管理階層出面逼學生道歉

台灣還一堆人幫餐廳說話

原來熱炒店不小心吃到人均1.2碗白飯

變成了滔天大罪 人人得而誅之

什麼熱炒店不是什麼窮學生該去的地

吃第二碗飯就是貪小便宜的乞丐




呵呵 不難想像為什麼鬼島一堆慣老闆、慣攤商

一堆超貴又超爛的景區

一堆性價比超差的民宿

一堆用話術攬客然後坑殺消費者的商業活動

要求正常的待遇就是窮酸、就是乞丐貪小便宜

搞到大家寧可出國玩也不要留在國內消費

說白了

台灣人已經奴到跟狗一樣習慣店家廣告不實

客人拉來再搞小動作修改遊戲規則

標榜無限供應白飯

然後吃了人均1.2碗就被肉搜逼著道歉

原來現在要求店家不要廣告招牌不實

都要被攻擊成沒錢不要學人家吃熱炒

按照這樣邏輯

沒錢不要學人家出去玩 被爛民宿宰客也是活該

沒錢不要學人家上班還不願意被老闆凹加班

沒錢不要學人家玩民主 政客選舉後翻臉很正常啦

沒錢不要學人家買房還要求實價登錄不動手腳

賤民就是去死一死 沒錢不要要求這麼多啦

鬼島到底是奴到什麼程度了啊？

鬼島要不要改名為奴島或是鬼奴島啊？

有這方面的八卦嗎？









","['觀光客經濟結果學校去看看VCD卡卡', '台灣人超會自我檢討', '嗯嗯嗯請移民', '真的很誇張 一堆資方狗幫店家護航', '白飯免費提供 但一人限兩碗', '白飯吃到爽 你自己去吃也很爽', '還好吧，兩邊都有自已的說法啊，純看戲', '結果一堆人去跪舔資方', '幹你娘 沒收錢我才不信', '做餐飲的就知道老闆只是單純不想給', '他們白吃飯。', '真的很誇張 我挺學生', '我挺老闆 因為學生不會開餐廳只會吃', '想也知道 就純粹不想讓那些學生吃白飯', '不就怕學生吃  做生意還怕人家吃', '。要賺錢而已', '社會缺乏對實業家的尊重這很BAD', '今天吃一萬多就不會有人靠北學生了', '賺不到哭哭喔', '經典好文', '應該要抵制才對', '對只會二分法的智障我能講什麼', '同時我希望老闆取消白飯不收費的陋習', '看猴子搶不到飼料就跳腳還蠻好笑的', '還學會上網一起刷一星   真是曠世奇觀', '一堆人幫一個可以在大安區市民大道開店10', '一碗多少錢多重都訂好', '幾年哭兩桶飯也是好笑', '手遊餐廳遊戲 收太多客 應付不來 怪客人', '來太多？', '不要懷疑，新聞留言下面都是老闆加油', '老闆加油~', '訂好規則就好，我們這邊自助餐是滿百送一', 'https://i.imgur.com/mj1HhQ2.jpg', '4', '份水果或甜點，你不想讓人白飯吃到飽你也', '可以訂規則', '根本超在意被吃飯', '學生都說沒預約了，哪來的告知人數?', '有白飯做炒飯~', '他的麵包沙拉湯感覺好好吃…', '明明就有正常的吃到飽或炸豬排，乾淨又衛', '生，熱炒就留給高級社會人士吃吧', '30個人全部一起裝飯   瞬間空桶很正常吧', '小費要給多少?', '以後乾脆禁止學生消費好了，沒賺多少', '熱炒優越猴真的蠻搞笑的 吃個幾百自以', '為高檔了', '飯就要時間煮啊   你餓的話點個甚麼來吃', '不行逆   蛤？沒錢？沒錢吃什麼飯', '提前讓學生知道社會險惡也好啦', '還一直GGYY的看了就煩', '我也不懂怎一堆人罵學生', '人家隨時要準備百人份等你來吃嗎...', '麵包 沙拉 湯無限供應的前提是那是套餐', '因為熱炒店的噱頭不是白飯吃到飽', '小費25%嗎', '我挺老闆爽拉   窮學生吃三媽吧', '到底是哪一間啊我可以去給一星嗎DIA', '怕人家吃 你就一碗一碗賣  別用免費手法', 'ig都說了，不是等40-70分鐘，是嗆說不', '嗯嗯 繼續無限上綱', 'IP正確', '不夠盤台灣人可是不吃的', '都道歉了結果又GGYY說被逼道歉', '好了啦 人家都道歉了還想怎樣?', '你那麼硬為啥不據理力爭反抗學校', '嗆說不補飯', '確實 台灣人老是愛幫資方找藉口 可憐', '免費提供白飯就是一種商業策略，店家', '講的好像在做善事一樣', '快炒賺錢方式是料理單點阿', '我覺得丐性比較重', '他們只是孩子阿~', '所以你認為學生說的1.2碗真的1.2?', '台灣一群奴隸喜歡幫老闆擔心', '笑死 才27人就可以亂成這樣 丟臉欸', '他有限時段又不是每天24小時都有', '中肯', '怎看監視器我看都2.0碗', '人家以後不做學生生意不行喔', '建議學生帶隊去熱炒店討公道 道歉個屁', '推你這篇 鬼島愚民容易被媒體操弄', '要是今天吃桌菜 白飯提供不夠的', '這個情況我絕對是罵店家', '影片都出來了 每碗都裝得尖尖的 絕不只1.2', 'https://i.imgur.com/mj1HhQ2.jpg', '鑽漏洞貪小便宜就真的很丟臉啊', '美國人吠什麼 台灣有台灣的規矩', '對啊 這件事學生才是對的，為了迎合老', '人批評年輕人的喜好硬帶風向', '時常特價，所以我今天辦個慶功宴，還要', '等特價才能吃？', '當然奧客不會覺得自己下感就是了', '還看到一堆留言說「免費！=吃到飽」,', '講真的 27人至少要準備100碗的量，不然', '這幾年風氣越來越差 開店不要求自己品', '媽的看到都快中風….', '就不要在那邊說吃到飽', '質服務 先公審顧客再說', '講半天 反正也沒種來台灣開', '你可以去吃hometwon buffet', '美國外勞的視力跟智商看起來頗差', '說好20人來27奧客要怎麼怪店家', '反正都知道這家店狀況了，要不要去都可XD', '你講得很好 都被你講完了  很中肯', '阿滴 can help', '開店還怕別人吃，笑死。去看之前店家的回', '對記者來說免費新聞 來者不拒 無形中成', '免費不等於吃到飽好嗎', '覆，就知道了….結果還一堆人在那邊瞎挺', '為了互利關係 更進一步惡化台灣的消費', '同意 顧客合理評論 反被公審 莫名其妙', '環境 拉低國旅素質', '上面有貼無限吃到飽?沒吧', '挺學生=柯粉=狼性中國人=奧客', '那張5年前的圖就別貼了 差那麼多年', '台灣真的這麼多低素質的人類', '說個笑話號召同校學生拒吃叫合理評論', '推端正風氣 敢說就要承擔後果', 'https://i.imgur.com/65olAmP.jpg', '這幾年的奴性越來越重 可悲', '不奴哪有台灣價值', '為什麼不能貼？五年前8個人就吃半鍋了', '五年前說白飯吃到飽，啊現在規則有改', '嗎？不然貼個近期的來看看啊', 'https://i.imgur.com/yjksZHX.png', '免費不是吃到飽？吃不飽的免費食物是什', '麼？噴嗎？', '五年後還沒改進笑死', '推', 'https://i.imgur.com/0IHKIib.jpg', '台灣就一堆奴工操老闆的心啊 夠賤', '還在硬拗免費不等於吃到飽？玩文字遊戲', 'https://i.imgur.com/aIWtOz1.png', '美積電加個班在那ggyy的 教人開店', '，老闆自己以前都說過是吃到飽了', 'http://i.imgur.com/yIDxHqL.jpg', '就老害奴工看年輕人不爽而已', '你這個有沒肉，南部也有99、150素食吃到', '真想知道飯鍋多大==', 'https://i.imgur.com/KisGXzK.jpg', 'https://i.imgur.com/5B1ImgA.jpg', 'https://i.imgur.com/cbCFD8G.jpg', '本來就奴隸島 有能有錢的都跑了', '量不夠店家可以選擇不接客，但是他還是選', '擇接了這團體，又不訂人頭低消，客人吃的', '不高興，回家留一星不當面起衝突也要被公', '沒加蓋齁', '審，真是絕了', '可是人家標的是免費不是無限', '太奴了', '這家垃圾店之前就被爆常不補飯了啊', '討飯仔真多 要不要集體去店家那邊抗議?', '不要只是鍵盤正義', '免費不等於吃到飽 停電不等於缺電 沒', '推 抵制這種餐廳', '蛋不等於缺蛋 智障綠畜邏輯', '白飯免費不等於吃到飽是哪來的言論啊', '真的是硬要凹餒', '台灣人就奴性重 可悲鬼島', '叫這間餐廳來市民大道開一間像你講的', '台灣時薪1/3ㄘ到爽的', '說的好像白飯會自動從生米秒變成能吃的白飯', '我們來幫美國人上一課', '一人一信，支持Olive Garden來台開店！', '你應該出征學校為啥逼學生道歉啊 你喜', '歡用google評論公審店家 店家為何不能', '公審你的評論? 你評論有理是在怕啥?', '奴好奴滿 慣老闆笑呵呵', '挺學生 老實講老闆要出這種爛招打一顆', '你自己兒子都不會把他送去打工啦', '星也沒啥', '被奧克蘭來的鯛煩死', '美國人會這樣貪小便宜狂吃白飯嗎 確定', '不是強國人才會？', '一堆人搞不清楚狀況也一直跑出來講= =', '可是這家很難吃 超鹹我無法續', '這裡就一堆老人啊', 'google評論有學生回應現場狀況了', '對啊 還不趕快滾出鬼島 留在這幹嘛 = =', '美國的版本是麵包被拿光', '挺的人揪團去那邊喝啤酒熱炒點個1萬不', '吃飯就好了啦，離開前跟老闆比讚合照#', '我跟大學生不一樣#我很有錢熱炒不吃飯', '#老闆辛苦了', '把免費供應看成無限量供應 眼睛還好嗎？', '供三小 吃光白飯還去洗1星 被肉搜才道歉', '不是第一天', '這群飯桶被公幹剛好而已', '老闆說1鍋35人份，普通8公升50人份的飯桶', '來算，1人份160 ml', '管三洨飽', '那你怎麼不自己先去中國', '沒錯 八卦這次風向超奇怪', '723要飯大遊行 訴求免費=無限量', '我說三樓', '吃不飽不會點炒飯？窮就去吃便當好嗎', '新聞說學生沒等到白飯煮好就離開', '熱炒店沒白飯是要開三小店', '你可能連一桶飯要煮多久都不知道', '免費不等於吃到飽，消費不等於要給五', '星', '一堆奴性，我挺學生', 'ig和一星評價說，店家說不補飯了', '白飯提供的能力 跟煮飯鍋的數量有關', '貪婪肥宅', '免費供應看成無限量供應 眼裡早就沒有是', '非對錯只有惡意了', '老闆說當天不在現場 問員工的', '所以學生幹嘛不堅持己見 還跑去道歉豈不是', '記得有看到貼文學生說只有半鍋飯', '前陣子缺蛋也是 你們他媽誰有種去跟低', '怎麼不說以客為尊的病態養出一堆奧客', '讓八卦板又翻車', '免費不等於吃到飽,況且煮飯也要時間', '收入戶說不是缺蛋是缺錢', '我看你是校友吧 呵呵 北科大素質', '跟窮不窮丐不丐有什麼關係啊 供應不足', '誰來都一樣', '連熱炒都可以被搞成高消費 鬼島', '店家根本是不補 跟時間有個屁關係 幹', '店家什麼時候說無限供應', '我怎麼想都是學生是奧客耶，剛看到新', '聞我一直以為是大陸那邊的新聞', '美國農業生產多少 整天吵美國多便宜 笑', '死', '敢笑中國茶葉蛋 結果台灣人連白飯都吃', '不起囉', '好市多事件就見證 鬼島終身奴隸制', '可能連美國農業佔世界多少這種基本知識', '都沒有吧 笑死', '台灣退貨率世界低 亞洲區主管想""提升""', '窮人還緊抓著薄到不行自尊', '還問為什麼學生不堅持己見，都被媒體公', '退貨率 結果第一線主管員工阻擋', '審和校方施壓道歉了', '包括PTT在內網友公審 道德批判', '八點多而已來不及補飯 真的笑死人', '現在好市多乾脆入境隨俗', '用餐時間沒飯收一收算了', '想變嚴格就讓你們奴個夠', '鄉民柿仔挑軟的吃，學生這麼好欺負', '熱炒店本來就是不入流的玩意兒 飯都的供給', '都有問題還敢開店？', '整天羨慕米國廠商出事要賠多少', '那些說免費！=吃到飽的是不是員工啊', '台灣消費者多要個幾千元的新聞底下', '一個人四五百 風向又不同了', '推文一面倒罵貪婪', '所以幹恁娘是在羨慕什麼啦笑死']"
Gossiping,[問卦] 200塊要慶功去自助餐是不是比較好？,s910211 (我愛PTT),Mon Jul 10 14:55:38 2023,"是這樣啦

6000塊30人

一個人只有200塊

還要吃飽！

老實說6000元的熱炒給30人吃

一道菜應該只有夾一次的機會

是不是乾脆去吃自助餐

夾150塊的菜再加50塊的白飯好像比較好？！

200塊要慶功去自助餐是不是比較好？





","['去永和豆漿', '200元直接發現金算ㄌ', '255吃乞丐時光差不多啦', '去自助餐跟阿婆阿伯搶菜嗎？？', '福勝亭最便宜的195 讓這群飯桶白飯吃到飽', '訂披薩外送啊 一人200就很夠吃了', '直接訂速食外送就好啦 人均半個大pizza', '披薩炸雞叫一叫在系館吹冷氣就可以吃很爽', '啦，去那種店跟腦闆搶白飯幹嘛', '豬排+1，熱炒越介紹聽起來越盤', '預算六千扣掉飲料剩5000 27人能吃飽嗎？', '地點台北市', '200就是雙醬咖喱']"
Gossiping,Re: [問卦] 法國是不是毀了,whizz (智識可食? 食之悉),Mon Jul 10 14:56:01 2023,"
法國早毀了

這國家在長期左派的治理下 二戰後大量移民

不是黑人 就是伊斯蘭教徒

連黑人人口普查都不能做

所以法國實際人口是問號

當大量低素質人口移入

帶來的短期人口紅利 很快就被治安與文化衝突消耗殆盡

最後 就是打內戰重新決定誰是王者

法國正走在內戰的路途上

當然美國也是

內戰後 要嘛分裂成幾個國家

要嘛持續內亂

這就是歷史






引述《n9n9n9n9n91 (n9n9n9n9n9n9n9n9n9n9n91)》之銘言：
大家都知道這是長期大量移民所造成的問題

每次講到先進國家少子化 大家都提到歐美比東亞好很多

要逆轉少子化不是生育政策而是移民政策

以下文章寫得很清楚

""Asia's most successful economies have experimented with a range of policies
to reverse far more serious declines in fertility. What they've learned is
that the only sure way to reverse the trend is to do what the U.S. has
historically done better than virtually any other nation on earth: accept
immigrants.""

https://www.realclearpolicy.com/2019/05/29/only_immigrants_can_reverse_america
03

所以就兩條路不接受大量移民維持少子化

或是接受大量移民 然後可能會有法國的後果

其實這種衝突也不只有法國 之前的德國 瑞典都有案例 資料隨便都有

","['跟宗教有關吧 穆斯林......', '我們不需要發現問題的人', '跟移民有關的理由在哪?', '之前有看到某個老外說他們的國家因為大', '量移入穆斯林人口 所以很多他以前小時後', '習以為常的東西都改變了 由其在宗教象徵', '方面', '移民會怎樣嗎？哪有一定是哪種人的道理', '因果報應啊 以前殖民別國 現在被搞倒了', '拿玻璃瓶球棍打內戰?', '美國內戰早打過啦 你從西元幾年來的？', '人口種族只是表面因素，實質生產勞動', '力不足是中間因素，無法靠持續靠發動', '羅馬就是這樣滅亡', '非洲/中東/亞洲的內戰來掠奪資源，養', '活安逸優渥的法國人才是根本原因', '靠，看錯板了', '美國黑人不多阿 問題是腦包左派被洗', '腦 覺得虧欠黑人']"
Gossiping,[問卦] 阿堂跟館長誰比較頂,bskyb (不告訴你),Mon Jul 10 14:56:50 2023,"一個說脆皮燒肉便當賣220賺3%
一個鹹粥加魚肚300虧錢

兩個都是到處都有在賣的
成本在哪同業都心裡有數
敢這樣定價肯定有過人之處
哪個才是庶民小吃最頂？



","['阿館有台灣價值 阿堂只有台南價值', '當然阿管啊', '党最頂', '王幸鳳 她有哭哭~!!! 感人', '諾貝爾欠這兩個人各一個獎']"
Gossiping,[問卦] 阿堂鹹粥可以找阿滴英文當代言人？,Kidd00 (~@_@~),Mon Jul 10 14:57:06 2023,"您好我滴粉

阿堂鹹粥老闆娘，
聲淚俱下表示，他們做的一切，
都是冒著生命危險來維護台南小吃

阿滴英文也曾經因為Taiwan can help 承受眾人的謾罵

但為了台灣，阿滴義無反顧堅持到底！

我覺得歐

阿堂鹹粥可以找阿滴英文當代言人
出一些微波商品或是御飯糰

在各大超商販賣

一定會掀起一股風潮！
沒錯吧？


","['This is a book.', '絕對可以 而且RD是海鮮速開發者 強強聯手', '推，海鮮素必吃經典不敗款', '推 而且可以推廣吃素', '唯一支持阿館', '素魚肚粥', '阿滴標案1支10分鐘100萬 鹹粥要賺1年', '素魚肚粥XD', '你確定老闆娘有100萬給阿滴?', '阿堂鹹粥用生命保護台南，跟蔡英文一樣呢！', '我覺得一定要蔡英文頒獎給她，一樣的女人', '素魚肚粥', '仇恨值會滿出來的', '阿滴會來']"
Gossiping,[問卦] 請問論文公版是碩二的時候發嗎?還是怎樣?,poeta (鍵盤詩人),Mon Jul 10 14:58:41 2023,"
這學期成績出來了

雖然歐趴

但是論文一個字都沒寫 連題目都沒方向

教授怎麼還沒給我論文公版

是二年級才發

還是說要主動開口要??

有沒有人知道

","['就去問研究方向啊', '封存30年不用擔心', '完了 proposal被跳過 三年起跳', '恭喜延畢，嘻嘻', '你沒付黨費還想要拿論文公版啊', '大岩壁', '問系秘啦', '快下班囉，今天沒問要等明天', 'https://www.ftnn.com.tw/news/31991', '林智堅下台換一個不會做事的', '沒關係  +365就好ㄌ']"
Gossiping,Re: [爆卦] 柯文哲演唱會怎麼完售了,Bugquan (靠近邊緣),Mon Jul 10 14:58:49 2023,"這篇的柯粉要不要解釋一下啊！

好像是你先喊完售，然後被記者抄走的，只是目前明明還有空位

還是我知道了！都是綠的刻意卡位、刻意買票退票，害真正的柯粉搶不到

","['八又翻了', 'toyz都能賣完了 阿北難到會賣輸毒販嗎', '不就綠共老招先按讚後退粉一篇新聞', '八卦外翻 好色哦', '好 又翻車了', '八又翻 柯又氣 綠又贏', '夠了!請問演唱片完售有啥好爆掛的!', '柯粉不要太誇張!用爆卦規避政治問', '白粉就是這麼好笑XDDDD', '柯粉真的吃飽太閒', '基本上 爆卦已經濫用了!', 'https://i.imgur.com/JojhVaq.jpg', '想噓我的人可以免了 我中間選民!', '一條龍產業？', '現在去售票界面看就身心障礙位已售完', '全票沒有阿', '還要打第一本書 花錢找罪受 真死忠', '藍綠都罵代表沒完售做對了', '八卦版一條龍', '八又翻', '八卦幫阿北造謠不意外', '顆顆', '柯導 自導自演', '現在還有啊 記得先註冊 說沒搶到的柯粉？']"
Gossiping,[新聞] 柯文哲爆北流辦演唱會遭拒　蔣萬安：他訂,sariel0322 (sariel),Mon Jul 10 15:01:03 2023,"備註請放最後面 違者新聞文章刪除

1.媒體來源:
※ 例如蘋果日報、自由時報（請參考版規下方的核准媒體名單）
※ Yahoo、MSN、LINE等非直接官方新聞連結不被允許
中時

2.記者署名:
※ 若新聞沒有記者名字或編輯名字，請勿張貼，否則會被水桶14天
※ 外電至少要有來源或編輯 如:法新社
劉彥宜

3.完整新聞標題:
※ 標題沒有完整寫出來 ","['柯布林又被自己丟出去的迴旋鏢插到頭了', '八又翻 柯又氣 綠又贏', '柯又翻ㄊ', '又番羽', '八翻', 'www 確實', '柯粉崩潰', '2021的柯市長打壓2023的柯文哲', '所以2021的柯市長是塔綠班 XDDDDDD', '一邊認知是演唱會 另一邊認知是政治活動', '兩邊都合理啦', '確實阿', '超時空打臉', '蚵粉崩潰!', '柯：我以前開幕都可以 怎麼現在不行了？', '都說辦演唱會了 到底哪裡是政治活動???', '並沒有喔 柯布林自己都說是偷渡政治活動了', '八又翻', '當初連蔡英文都跟柯一起去開幕了欸', '柯最近真的不知道在秋什麼 開始走鐘', '終於沒綠營的事了，爽。', '你敢用我的魔法對付我 笑死', '笑死', '文哲受虐兒', '柯粉崩潰', '原來唱歌是政治活動', '萬安覺得好爽 只要一句話就能虐翻柯', '柯屁都誠實說是巧立名目，就不用再上車了', '柯布林自己都說是偷渡政治活動了 柯粉不夠', ' 推打臉 網紅政客根本沒料 白粉蝦包裝', '笑死', '忠誠喔', '阿北政績+1', '藍的現在看白的不爽 各種扯後腿了= =', '笑死，柯老人癡呆嗎', '這次民調總該掉到20%了吧', 'https://i.imgur.com/yDwiK4G.gif', '小丑居然是我自己？ 樓下幫補阿北小丑圖', '護航演唱會的要不要看一下是""募款""啊', '這看來確定柯的問題 柯自己該道歉', '新聞都出來了，柯粉真的沒在follow新動態耶', '萬安演習算哪種活動?', '柯屁在亂講話啊', '慘', '很不應該啦，柯搞成這樣格調很低', '真不知道為什麼要犯這種低級錯誤', '八卦又外翻拉', '回力標打到好痛', ' 罵人太監還想用失言乎弄過去', ' https://i.imgur.com/73UecL5.jpg', '雙標柯', ' 白粉真會粉飾太平', '這真的沒啥好凹了，用同樣標準賴功', '明文規定砸到自己腳吧?  當初訂的太硬', '德說要辦一場售票演唱會 柯粉也覺', '得不涉及政治嗎？', '我們這裡有賴導柯導跟侯導，柯導格調也', '沒自己說的那麼高嘛！丟臉阿北', '哭哭', '真的低級錯誤還逞口舌之快~~自找的!', '翻車了嗎？', '柯不群', '自己打自己臉 可憐啊', '自己書面都寫無法保證沒政治活動', '初四了阿北', '自己拒自己是阿北的幽默啊哈哈', '活該被拒絕', '現代商殃', '雙標檳榔王', '還是找別的場地吧 拿北流炒作議題難看', '笑死', '笑死，白爛到自己惹', '最好不是政治活動啦，大眾認知他就是參', '選總統的政治人物，難道會覺得是歌手？', '馬的死柯黑柯文哲', '說沒有政治的太凹了', '翻車啦笑死', '這次真的翻車了', '柯布林氣氣氣', '這還能挺也不簡單', '快上，難得有機會快打死他', '竟然用自己的咒語對付我 文哲', '萬安你確定要打這個？', '殺球', '辦演唱會偷渡政治 很會喔 阿北', '萬安才用24小時就優雅下車，為什麼不用這個', '打柯文哲?', '訂下的SOP被確實遵守  加分XDDD', '會議紀錄公開，也是柯訂的。怎麼不遵守', '不管啦 卡柯啦', '道貌岸然就柯布林王', ' 笑死', '再來應該就是 國家機器動得很厲害', '誠心建議可以辦宗教法會規避', '我打我自己，這不解之謎', '幾乎所有造勢埸都是有唱歌啊', '推法治', '這次真的翻車了嗎？八翻柯哭', '八卦又翻車了', '乖乖道歉吧', '柯鞅變法 北流自斃', '公子記得以後都按照柯以前的規則走別', '改喔', '某粉文章:師父不分裂族群', '腳踏車又翻車 柯糞氣暈', '八又翻', '柯的規則突然又變得很重要了', '丿丶又番羽', '柯政蔣隨', '我覺得如果這是當時柯自己的決定，現在這', '樣講的確不妥，但是全場兩個小時講那麼多', '，這一段被每家媒體拿來報？', '以柯要選總統的格局 北流太小了吧', '沒什麼好凹的 好好道歉', '高雄的其邁應該很歡迎 柯P去開演唱會', '阿北出事了', '這把確實是柯自己嘴臭 沒得護航', '白粉出來護航主子哦', '柯自己錯了 抱歉吧', '很好啊 只要是政治人物都不能上台', '八又翻', '阿北這種算計手法 跟朱立倫有何兩樣？']"
Gossiping,[問卦] 很多原住民聲音跟A-LIN很像 為啥只有她紅,hebeshaman (奈奈子),Mon Jul 10 15:01:13 2023,"我認識了很多原住民女生

她們的聲音都跟ALIN很像

但為啥只有ALIN會紅阿?是贏在唱功嗎？

比較意外的是看訪談ＡＬＩＮ說高音是可遇不可求的　

她的高音也是瘋狂練才練來的

像她當初唱有一種悲傷時，在錄音室會一直破音！！＠＠


","['天時地利人和', '贏在有搭到偶像劇熱潮', '每個人肛門都一樣,只有五樓在228紅', '實力好就會紅? 罰你去看運氣論', '沒有吧', '不知道 但是張惠妹天花板比較高', '三樓講啥小', '因為人家唱歌沒有的拉的拉的喊啊', '她高音不強阿 還是常用假音 阿妹比較會唱', '認真說，A-LIN也是這幾年才小紅', '沒有到大紅特紅其實', '音色 才是成爲歌手的唯一條件', '歌手不是聲音好就好啊', '唱功強之外聲音極具個人特色啊 一聽就', '知道他唱的', '中紅']"
Gossiping,[問卦] 週末只用腳來旅遊，大概能走多遠？,nissan168 (pingGO),Mon Jul 10 15:02:28 2023,"週末兩天，如果只能兩隻腳步行，從家裏出發，大概半徑是多少？

現在航空旅遊很方便，假設回到200年前，工業革命以前。你現在有2天，48小時的假期，
身為一個社畜，要怎麼旅遊休閒？

請問有懂歷史的可以解卦嗎？

","['離開冷氣10秒', '3公尺左右，太熱還是回家吹冷氣', '走到門口拿外送', '隔壁巷子 極限', '企鵝一天大約走25公里啊', '大廳拿外賣', '以前2天就去去家附近的咖啡館或酒樓', '古代也可以騎馬 坐牛車', '以前也沒有周休概念..要去遠地就花十天半月', '企鵝妹負重25公里', '暑假作業…', '現在夏天走到巷口就想回家了', '巷口7-11', '前天跟昨天那溫度走到中庭就想折返惹XD']"
Gossiping,[問卦] 英國要加入cptpp了，台灣什麼時候？,kech9111 (= =),Mon Jul 10 14:38:22 2023,"

之前還能趁兩岸和平的時候簽到台星和台紐FTA，還有糖衣毒藥ECFA。

這幾年每天吹cptpp快加入了，8年了，怎麼什麼都還沒看到？

","['下星期', '下禮拜啦', '五', '萊豬還吃不夠多', '再說就是中國阻撓 在野黨扯後腿', '華航先改名啊幹你媽的', '下週五', 'https://i.imgur.com/D5wzXoU.jpg', '問就是下星期五', '小聲點 母豬還在睡呢', '這政黨什麼貿易協定都沒進展。倒是邦', '交國斷了好幾個。有夠廢', '高端報告拿出來的時候', 'https://i.imgur.com/iY6M9Bm.jpg', '加入cptpp幹嘛？', '什麼時候趕快加入中國兩岸統一比較重要', 'Lie導正在籌劃', '功德當8年就有機會 應該啦', '民進黨最會騙而已 出賣人民健康有什麼', '下禮拜五', '難的', '台灣才不屑那個勒', '死忠的快點去進口萊克多巴胺飼料直接', '吃', '母豬片爽了嗎', '偏不在中國前申請 不然怎麼裝', '還有什麼豬要吃？', '相信黨！下個八年會努力！不然下下個', '是他們需要我們', '美豬都吃了 請問說好的好處呢', 'next friday', '問就是下禮拜五', '樓上吃美豬？', '好吃嗎', '美豬吃不夠吧', '日本當初眉來眼去的 現在管你去死', '英國是跟太平洋有什麼關系..', '問就是下星期五', '塔綠班說2050一定可以', '四個不同意 台灣更有力 你敢嘴?', '哥布林真的很會騙 詐騙集團之王', '加入黨就賺大錢了 重要嗎', '下星期五', '再給八年啊', '台灣先開放美豬人家才會讓我們加呀', '下禮拜', '看你信誰啊。我只能跟你說共識決很難  XD', '英國早台灣8個月申請 你再等8個月看看', '認真回，7/15', '已經準備好中共十成了', '讓黨再執政40年的話有機會', '哈哈 就算吃福食也進不去', '下星期五', '下週五吧', '================下星期五==============', '讓党再執政8年，党可以考慮一下', '妳萊豬吃多一點點看看', '再看看還要吞什麼', '不是在此時 不知在何時', '下星期五', '民進黨除了騙人民~還會??????????????', '八個不同意 賣台更有力', '萊豬吃夠了沒 還沒可是沒機會的', '投給賴才有機會。你知道的']"
Gossiping,[問卦] 台灣人讓大學生吃不飽還要罵人是飯桶?,EVGAMIS (大哥沒有輸),Mon Jul 10 14:39:00 2023,"台灣人米飯不管飽 讓大學生吃不飽

結果說人吃太多 還要罵他們是飯桶

文化水平還真低 不知道哪來的文化優越感

能去多讀點書嗎

","['台灣廢物店家帶風向的能力跟母豬黨學的', '喜歡吃飯叫飯桶', '台灣人愛吃飯不是飯桶是什麼', '北部人就摳阿 摳連', '台灣店家一點職人精神都沒有…', '經 濟 史 上 最 好', '確實 白飯而已事能值幾個錢', '柯屁執政八年 學生吃不飽XDDD', '換成功德還沒進餐廳就一碗公爽吃了', '大小姐：一碗不夠 不會一桶嗎', '快炒沒白飯不補 叫我點炒飯？這樣你ok？', '1.2碗是飯桶，炒飯一盒說吃太少', '天大地大北蚵', '要吃，花錢買很難嗎', '賤種免費仔', '而且碗還那麼小', 'https://i.imgur.com/T7O8uJ9.jpg', '是店家沒白飯 不是學生沒錢買白飯 搞清楚', '我頭真的好痛 一堆腦袋不會轉只跟風向的', '店家自稱的免費白飯:沒了沒了 炒飯:有有', '有', '老闆檳榔嘴水準會多高?挺的人也一樣低端啊', '是炒麵吧 怎麼變炒飯?', '可悲仔挺可悲仔 蹭飯廢物', 'https://i.imgur.com/5B1ImgA.jpg', '蹭飯？不是店家自己說免費的嗎？', 'https://i.imgur.com/mj1HhQ2.jpg', '根本沒吃多少就被罵 笑死', '不是罵人是飯桶，是那些大學生自己把', '自己當成飯桶', '店家說飯免費，廢物不要出來丟臉，可悲仔', '吃完2桶 就是飯桶', '免費的飯沒了 要錢的炒飯有 還不趕快', '點']"
Gossiping,[問卦] 阿堂改阿館一碗300應該不貴,wiwi0526 (wiwi),Mon Jul 10 14:39:18 2023,"
阿堂短短一年多

把一碗100多的鹹粥漲到300

被罵到臭味

如果改成最頂的阿館鹹粥

是不是大家就能接受了



","['500都不算貴了', '阿嬌鮑魚啦', '米要不要錢？瓦斯要不要錢？', '懶覺比雞腿', '有人罵? 不是頂多說兩句真貴 不會去買', '噁心', '有無塵室製粥嗎?沒有可不吃唷', '哇靠  鹹粥裡面有叉燒肉', '很懂行銷==', '沒說還沒發現，這漲幅真的驚人', '他們可能發現了什麽 XD', '阿館鹹粥沒有500我可是不會買的']"
Gossiping,[問卦] 啞巴主管都不說話怎麼辦？？,iamgg3be0 (矜持點不),Mon Jul 10 14:40:47 2023,"每次出什麼事

問了主管

他都不知道有沒有聽進去

轉頭就走

後面資深員工才出來跟我說要槓麻

遇到啞巴主管怎麼辦？？


","['2024之後就不關他的事了 自立自強', '肛他', '肛到他開口', '他用臉書回你就好']"
Gossiping,[問卦] 有被禽蹣咬過的進來 野生鳥鳥是公害,hebeshaman (奈奈子),Mon Jul 10 14:41:05 2023,"最近身上很癢 長了一堆包 很像痘痘的東西 不是猴痘

去看皮膚科，醫生說是禽蹣

就是鳥身上的蟲


我才想到我們家陽台常會有鳥類在停駐

應該是跟著棉被與衣物混進來了！！


看到網路上有人被咬的全身都是 超可怕

且這蟲白天都在休息 只有晚上會瘋狂咬你


有沒有野生鳥鳥根本是公害的八卦




","['猴痘啦，你誤會了', '第一次知道有這種蟲', '沒中禽流感就不錯了', '我家附近鳥超多的，每年都會遇到一兩次', '所以撿到斑鳩鴿子別帶進家裡呀，當然最', '好是別撿', '很多野生動物別碰比較好', '一堆養貓的智障還會為了給貓看鳥 故意灑鳥', '飼料或放飼料桶引來這些禽畜', '家裏陽台趕快用稀釋漂白水消毒', '裝隱形鐵窗', '家人被咬過，很癢', '超毒', '被咬過呀！小小一隻，如果在手機螢幕上走', '你是可以看到的。後來是睡前用熨斗燙床墊', '才好些']"
Gossiping,[問卦] 8ZZ買入友達了 快跑啊!,YU1225 (jacky元),Mon Jul 10 14:41:44 2023,"友達糟糕了

8ZZ今天出手成交買到友達


.....糟糕 真是糟糕

明年要把其餘的面板持股一鍵出清

8ZZ靈壓  好可怕!

","['只要一定要刪除', '8Zz是誰？', '不是你自己吧', '8zz是什麼', '某個騎重機的吧', '好了啦股市大富翁，你的華航呢 摔爛了', '笑死']"
Gossiping,[問卦] 以前的人是不是很早退休啊？,louischaaoo (狗才當兵),Mon Jul 10 14:41:47 2023,"中午搭捷運，常常看到一團老人團穿著登山服之類的準備出去郊遊
感覺年齡也不大，大部分最多不到60歲吧
以前的人是不是比現在人早退休啊？
是因為房價的差異嗎？

","['很多當天來回 隔天工作R', '古代人很早就死了', '以前沒有退休制度，都直接做到死', '現年60歲算是以前的人嗎？人家明明還活', '得好好的XDDD', '很多公務員的月退比年輕人月薪還高誒', '現在年輕人可能要做到80入土', '早年的公務人員教職人員75制的，很多', '都50歲出頭就退休了', '我在星巴克裡看到一堆年輕人，難道他們都退', '休了嗎？', '台灣是勞工天堂，55歲勞動率只剩5成', '上一代人儲蓄率高，都已退休', '想想以後年輕人就覺得慘 國家的錢都老人花', '所以現在要延後退休年齡啊，大家都要贊成喔', '我以前國中老師  現在50幾歲就退休了', '我有做到70歲的覺悟了']"
Gossiping,Re: [問卦] 限溫令到底是誰想出來的？,fengwen (啦勒),Mon Jul 10 14:41:56 2023,"幹 講到這就不爽 板橋火車站假日人一多起來 悶得跟什麼一樣
真是靠腰 一個小島在跟人家裝什麼清高假掰省能源
不是不缺電 操他媽的限個屁喔 從高雄的機場開始限
丟不丟臉啊 重要交通樞紐在那限溫 你是要外國旅客對台灣印象是比柬埔寨還臭就對了

講什麼環保 你他媽一個爛島 是能對地球造成多大危害
美國是全世界最浪費的跟最污染的國家之一  歐洲我是不熟拉
但是之前度蜜月我看他們也沒垃圾分類的

歐美都嘴巴喊 自己做不做我不知道
結果亞洲反而整天跟人家喊環保 真是口憐

尤其是假掰島 從禁吸管開始 好像海龜的吸管都是我喝完丟到海裡造成的一樣


※ 引述《douCai (D能統粉)》之銘言：
: 一紙限溫令
: 讓一堆室內公共場所變得超熱
: 冷氣有開跟沒開一樣
: 乾脆限冷氣安裝算了
: 省電省成這樣
: 是不是怕電用太多缺電啊！蛤！
: 誰想出來的啦！

","['冷氣鎖國', '全家有吸管可以拿餒也沒禁沒收錢', '旅客都說像印尼了', '真的笑死 大國沒在管 你一個小島在急什', '麼', '的確很白痴', '他們地夠大可以汙染', '#1aYuvarK (Gossiping)', '四個不同意 大家選的 乖乖遵守', '請藍白爭氣點好嗎？', '八卦版矛盾的地方就在這 喊觀光、環', '境每個都義憤填膺 但是講到要做環保', '沒人要幹、狂抱怨', '""我們的島"" 我那篇問卦 眾人狂推', '一轉頭看其他篇 都在狂幹環團', '左膠亂台已經不是一天兩天了', '你說的是事實', '是網美花嗎？', '人家在家裡開的冷爽爽的 在家喊口號就好', '結果有錢人在家沒在關空調的 操']"
Gossiping,[新聞] 批李玟「諂媚中共」 孫瑋芒：她值得台灣,Kuchler (屈希勒),Mon Jul 10 14:43:10 2023,"
媒體來源:
自由時報

完整新聞標題:
批李玟「諂媚中共」 孫瑋芒：她值得台灣社會悼念嗎？

完整新聞內文:
2023/07/08 21:32
〔即時新聞／綜合報導〕華語歌壇天后李玟5日逝世，各界紛紛哀悼，不過作家孫瑋芒指
出，李玟其實「長期諂媚中共」，例如去年共軍圍台軍演時，她發文稱「中國人要團結！
不要讓外人干涉咱們！」，孫瑋芒因此質疑，這種討好中共的人物，難道值得台灣社會深
深悼念嗎？

孫瑋芒在臉書上PO文指出：「關於李玟，我印象最深的是：她去年8月3日在微博說：『中
國人要團結！不要讓外人干涉咱們！』」

孫瑋芒接續點出：「8月3日，是新華社宣告中共將在台灣周圍進行「實彈射擊」的第二天
。8月4日，美國時任眾議院議長裴洛西訪台，共軍發動圍台軍演，向台灣和周邊海域發射
了11枚東風飛彈。」

孫瑋芒質疑，一個長期諂媚中共、為東風飛彈襲台做舖陳的藝人，值得台灣社會如此深深
悼念嗎，「若說死者為大，華人網友有不認同的：『以後會對司馬南（中國極左文人）、
李毅（中國武統學者）、金燦榮死者為大嗎？他們也像李玟一樣，為了吃飯不得已討好中
共。』」

完整新聞連結 (或短網址)不可用YAHOO、LINE、MSN等轉載媒體:
https://news.ltn.com.tw/news/politics/breakingnews/4358140



台幣好騙

人民幣好賺


","['自由發難了 死忠仔快跟上', '抗中飽台最棒', '拜登的狗就值得緬懷嗎', '至少比諂媚綠共好吧', '抗中保台啦抗中保台！', '那台灣有三分之一的人應該要被吊路燈了', '蟑螂蠢蠢欲動', 'R.I.P', 'coco又不是台灣人', 'https://i.imgur.com/ZUGL639.jpg', '烏克蘭之前跟中共也很好  不知道台', '最愛製造對立了...', '灣人在起鬨啥', '又出征', '做個人吧', '她是香港人，挺自己國家錯了嗎？', '中國鵬表示...', '呵呵文革', '台灣藝人大概都得吊路燈了', '他香港人 沒必要跟你在那邊抗中保台 值不值得', '李玟1998年代表台灣唱世界盃主題曲之', '誰啊', '現在都是用政治價值來評斷嗎? 笑死', '一，讓世界盃專輯上有青天白日旗，對', '台灣的貢獻比自由時報大多了。', '李玟香港出生 美國公民', '李玟的歌是我的學生回憶，回憶無價', '現在民眾弔念都要管就是了！？共產黨膩', '歌迷是在悼念她舔共嗎?不是吧', '總統會頒發美國人褒揚令嗎？', '她就香港人，台灣很多人的青春回憶；乾', '你屁事。', '什麼東西都掛上意識形態也太難看了', '推', '呵呵', '這咖新角色嗎', '綠畜不意外，最愛製造對立了', '菜ee 我是站著舔ECFA糖衣！！', '又是哪個白癡在蹭流量', '她就不是台灣人 是在腦殘什麼', '。。。。。。。', '你誰啊 自焚垃圾都可以紀念了', '民進黨真的應該要掃地出台灣', '關你屁事', '台灣被撕裂最深的就群人害的', '出征別國公民追究愛不愛台灣XD', '就 手拿美國護照 嘴講我中國人之一', '綠畜哥布靈治國的下場', '綠畜快跟上啊', '原來有這件事  我都不知道 謝謝告知', '?', '你誰啊', '是有什麼毛病…', '綠畜出來說話了...', '郭屁事', '講要團結有什麼錯？還是他們不能團結？', '...', '這人是誰？？', '她就香港出生的阿 無聊', '這什麼芒的是哪位可以介紹一下嗎', '言隹？', ' 說的沒錯啊 藍白粉想弔念去微博', ' 別來污染台灣社群', '也管太多', '綠畜的下限就是沒有底限', '？？？', '好吧..你們可以弔念反共偉人老蔣', '到底關你屁事', '抗中保台！ 抗中保台！', '比把台灣搞得分裂的垃圾好', '中國鵬：不要再吵了啦', '她美國人不是嗎？只是在台出道吧？', '中國鵬表示:', '李之前也在那邊發一點不能少大家都無視', '她是中國人,又不是台灣人,要罵什麼?', '民進黨舔糖衣毒藥七年了怎沒看你出來嘴', '她就不是台灣人阿 嘻嘻', '誰?還要用意識形態來蹭', '為了政治不講人性的例子']"
Gossiping,[問卦] 美國真有 以成年人身分受審？,iCtrl (iCtrl),Mon Jul 10 14:43:16 2023,"看過很多美國青少年犯重罪的新聞，
都會寫說法院將犯罪少年「以成年人身分」受審。

美國真的有這條法律ㄇ？
有米國律師可以科普個ㄇ？
我覺得青少年犯罪率近幾年好像越來越高，而且他們又有無敵星星，很可怕==
","['該修法了 我覺得15歲國中畢業就該負責了', '有的 等到成年再受審或執行...', '罪犯是我們党心中的寶呢 怎麼可以呢', '有啊，維基百科有案例']"
Gossiping,[問卦] 房貸補貼有人跟我一樣第一天申請沒入帳嗎,blueslin (blues),Mon Jul 10 14:43:27 2023,"https://i.imgur.com/JRdeSj4.jpg

開放的第一天申請了
看受理編號也沒超過25萬
怎麼現在還在審查中
地點也是六都
還是這個也跟疫苗剛開始一樣要有特權還是黨證才有嗎
還是要找議員立委關說之類的

看到好多人拿到在慶祝好羨慕喔QQ

畢竟是民進黨的政策
還是要等到前功德院院長當選總統才拿的到嗎
要先投票給他做功德

","['你眉頭率被抓到 審查中=不給你', '我也沒下文，一樣6/1投遞', '一定是你不符合', '我已通過但台銀沒入帳 哭', '我資格不符orz....', '6/2 申請 今天入帳', '已核定，沒入帳+1', '阿昌我大哥！', '我資格不符，但還是申請，目前審核中', '我也第一天就申請，一直是審核中', '有人遠銀入帳了嗎', '第一天申請，已經入帳，早上網購的顯卡剛', '剛送來了']"
Gossiping,[問卦] 27個人預算六千多 哪裡消費cp值最高？,unter (howard),Mon Jul 10 14:44:26 2023,"各位18cm跟D罩杯 鄉民下午好！

一人平均兩百多塊 又要能吃到飽

那間餐廳Cp值最高的嘛

有八卦？


","['興農肥料行', '大埔刺青燒', '八翻雲集', '三媽', '王子麵吃到吐', '711', '台科大餐廳', '吃便當+手搖飲', '我家', '小火鍋啦', '漢堡王一人200吃到撐', '定食8', '自助餐', '便當', '麥當勞', '漢堡王一人兩百哪能吃到撐 騙人沒吃過喔', '福勝亭啊', '小火鍋有的店標榜王子麵免費吃,吃王子麵吃到', '吐吧,至少不用等煮白飯.', 'COSTCO熱食部', '找可以免費吃白飯的鐵板燒阿.....不過配菜', '就只有豆芽菜跟幾片肉', '福勝亭真的吃到飽', '去吃迴轉壽司', '問就是麥當勞', '平價自助餐,炒麵,炒米粉,白飯,清粥,紅', '茶,熱湯隨你吃,有肉有菜,一個人不用一', '百元', '漢堡王華堡雙人套餐阿', '慶功宴講三小CP值 吃便當啦', '哪家鐵板燒可以接27人？不要亂好嗎', '15年前的168元迴轉火鍋吃到飽', '可以沒預約一次接27的就很少了', '必勝客', '錢櫃大包廂', '吃7-11就好', '熱炒店', '三媽', '學校自助餐', '認真回 鹹酥雞加飲料', '這麼窮待在社窩裡面吃就好了', '認真覺得那種泡麵肉燥飯吃到飽的小火鍋', '大呼過癮', '拿坡里披薩炸雞可樂比較實在', '問就是麥當當XDDDD', '老麥', '北車 一人一個大便當']"
Gossiping,[新聞] 台南又發生丟包命案！47歲男子頭遭重擊,sukiyasuica (suica),Mon Jul 10 14:45:01 2023,"自由

台南又發生丟包命案！47歲男子頭遭重擊頸斷裂遭棄置醫院

〔記者王俊忠／台南報導〕9日深夜11點許，1輛汽車突然駛到台南永康奇美醫院急診室門口
，將1名全身是傷的男子丟下車，該男子全身傷痕累累，醫護檢視已無生命跡象。警今天近
午相驗、發現死者任姓男子頭部有撕裂傷、疑遭鈍器重擊，頸部斷裂。死者胞姊與前妻到殯
葬所指認、悲痛欲絕；任姊痛訴弟弟全身都是傷，兇手下手很狠、分明要置弟弟於死地，要
求檢警抓出真正凶手。

據了解，死者是綽號「狀元」的任姓男子（47歲），他曾於7月8日凌晨在安平區台南大舞廳
喝酒，不知何故遭人毆打，任男之後在臉書貼文說「今天你讓我掛彩，改天我讓你掛香，試
試看」。

任男遭毆傷後曾就醫包紮傷口，7月9日約中午時回到家，下午3點多在永康1處黃昏市場與朋
友喝酒，傍晚7點多改到東區某家燒烤店吃飯，晚間10點被人從該燒烤店押走，深夜11點許
，任男就被丟包在永康奇美醫院。

今天上午11點，台南地檢署檢察官與警方相驗任男遺體，醫院診斷證明指任男被送到急診室
前已死亡，背部、胸部、腹部有挫傷，雙下肢撕裂傷、頭部鈍傷與撕裂傷。

任男胞姊及前妻到南市殯葬所指認、悲痛欲絕。任男胞姊說，弟弟全身都是傷，頭部傷勢很
嚴重、頸部斷裂，凶手下手狠毒，分明是要致人於死。家屬要求檢警一定要查明真相、抓到
「真正的凶手」，依法嚴懲，以還給死者與家屬1個公道。

https://reurl.cc/7kEQYN

","['有丟到醫院 無殺人意圖 八成是這樣', '看來不是EE出貨', '南部日常', '多半是得罪了新潮流的黑道金主', '綽號「狀元」->啊 87%黑道 球回到偉哲了', '有夠兇殘 難怪前市長拼命功德', '這下真的掛香了，只是是自己的', '民進党執政才幾年  唉', '在台南 黑道很大 88槍就已經告訴大家了', '看起來是知道犯人是誰才敢這樣發文', '以後大概是輕判(傷害致死非殺人)+外役', '上面才一個賣魚粥的覺得自己有生命危險 台南', '台南不虧是89之都', '真的很不安全阿', '監+二分之一假釋+累進處遇折抵刑期+', '每年幾次幾天回家  沒事沒事', '又是台南大舞廳', '高人指點 丟包送醫 不是罪大惡極', '改天我讓你掛香（咦？）', '不必 去查', '南部，不ey，可教化日常', '無罪', '台南這地方...', '廢死團體再這樣搞下去，以後有恩怨就要先', '給對方死了', '響應撕法改革，殺人免死，台灣價值!', '自殺 不必去查', '結果被掛香', '自殺 不必去查', '司法改革成功 黑道也能當到國策顧問', '台南直接變成黑道聖地 笑死', '自殺結案', '按照慣例 自殺結案', '如果是一群人打 法院還會幫忙平均', 'DPP不掃黑怪我囉', '不要再酸台中是慶記之都', '黑道治國嘛 以後看到黑道要尊敬地問好', '掃黑？治安越亂人民更沒心思在意貪', '污腐弊', '台南不意外', '自殺結案，不避去查', '不必去查', '這就是台南啦', '法官：有送到醫院，無殺人故意', '自殺 不必去查', '綠共滅台滅種計畫大成功，祖國安插3、40', '年，終於把台灣搞爛成這樣。綠共勢力崛', '起，剛好就是台灣國力走下坡的時候，綠', '共的所有作為都是在導向台灣滅亡', '丟到醫院？有悔意，可外役監，等假釋', '被掛香了 市區也會被押走', '今天你讓我掛彩 改天我讓你掛香 佳句', '自殺', '左膠教育下 殺人放火都跟吃飯一樣簡單', '台南不錯阿 丟水裡還要撈 送醫院有太平間放', '幫自己掛香，QQ', '真的掛香了，應該又是個8+9。死不足惜！', '黑吃黑', '暖 #安居樂業 #社會安全網', '不必去查', '不必去查', 'https://i.imgur.com/BgxCAMJ.jpg', '不必去查', '果然是狀元 搶頭香了']"
Gossiping,[問卦] 外役監辦公室在成立的路上了嗎？,ep301177 (新竹山下智久),Mon Jul 10 14:45:05 2023,"午安

我智久啦

是這樣啦

智久覺得啊

外役監這種特殊的監獄

是不是需要成立一個專門的辦公室來判斷是不是能服外役監

這樣好了

就讓黨的高層來評估誰能服外役監各位覺得如何？

聽話的殺人放火詐騙挖器官都沒關係

反正一下子就能出來了

減刑再減刑，然後再假釋

連續殺人魔我看也不用關多久

有掛？

","['操，這才應該上街頭，司法好洨。', '賴導 人勒？', '賴導：投給我更不用修法囉~~~']"
Gossiping,[問卦] 挑五個組白飯國家隊老闆會哭出來嗎,ro123eo (sforza),Mon Jul 10 14:45:08 2023,"
今天挑五個台灣大胃王
組個白飯國家隊
例如
小慧 千千 丁丁 豪豪 路路
這樣五個人組一隊去吃熱炒
一個人扣打就是點200塊
總共一千元的菜來配飯會吃掉多少桶米啊?
老闆會哭出來嗎??

","['開直播然後粉絲就可以準備刷負評了', '老闆不會哭，因為每人只有1.2碗', '倒是你不能哭，不然就找媒體圍死你', '1.2碗後，就不做補充動作！', '免費供白飯，但不管飽', '這些人平常就有在拍吃到飽了吧 餐廳有', '不補餐嗎']"
Gossiping,[問卦] 白飯大隊 吃 阿堂鹹粥 會給 幾顆星?,cuteSquirrel (可愛的小松鼠),Mon Jul 10 14:45:17 2023,"如果 白飯大隊 之後南下吃 阿堂鹹粥，會給幾顆星?


如果類似情況，隊長說吃不飽，號召同學給一顆星。

鄉民支持隊長 還是 阿堂鹹粥?


店家賣東西給顧客，客人感覺沒吃飽，請問你覺得公道站在哪一邊?

鄉民支持 年輕氣壯的隊長?

還是支持 堅持兼顧品質與價格的老闆娘?



謝謝前輩~

","['有加料的不吃啦', '一人250預算吃不了阿堂喔', '吃不起 一星刷下去', '吃不起還吃不飽', '現在不都流行沒吃過但一星', '250夠吃阿堂了 一人一碗鹹粥還可以配魚頭', '1.2碗鹹粥就破預算了', '配飯', '白飯大隊窮成這樣吃什麼阿堂', '太貴了幹 差45給差評', '那老闆在市民大道開那麼久，也不差那一', '桶飯的錢吧，又不是天天有白飯大隊', '吃不起也要號召27人白飯大軍洗評論', '沒吃就洗 就不要被告到起飛XD', '空集合', '27個人人 255*27 少說吃32碗', '吃32碗再說吃不飽可以洗了吧？', '喔對了 是帳面上27人 實際上可能40人', '吃32碗 吃不飽再去刷負評', '超支了要摳系主任過來代墊', '五星 吃不起', '0.1']"
Gossiping,[問卦] 為何福勝亭白飯吃到飽 大家就覺得很正常?,G4321 (小胖囉),Mon Jul 10 14:46:24 2023,"
快炒店 學生消費200多  白飯只吃一碗多

我去福聖亭點個豬排餐  高麗菜加兩次  飯吃三碗~四碗  湯還可以喝兩三碗

店家也不會刻意拖延時間 故意白飯很晚煮好之類的

是因為福勝亭是連鎖店 大家覺得理所當然嗎?

同樣都是白飯吃到飽  但這兩者 很明顯 鄉民看待的角度就完全不同

","['到現在還在幫店家護航的真的都是腦殘', '他飯鍋那麼小 會被學生翻桌吧', '飯缺不補 請點炒飯', '勝啦幹', '店家親友團護航啊', '如果一般客人加上一次來30個也一定忙不', '過來吧', '應該是一開始就不會接', '打錯字我覺得不正常', '硬要接又愛靠北', '你要切把飯鍋吃完 證明它們補飯很快阿', '從頭到尾 會幫店家護航的就是腦殘', '    先', '去福勝亭誰在吃白飯 可憐喔', '我發現很執著白飯的人87%都是死窮人', '就爛店啊 白飯吃到飽沒白飯哈哈', '沒高麗菜絲+醬沒吃到飽 我會刷一星', '幫店家說話的不知道在想啥+1', '最好笑的是有人吃熱炒這種平民料理吃出', '優越感了，一直說別人窮底層不能吃熱炒', '你今天白飯免費就是無限吃啦 不要凹', '怕人家吃就不要用這話吸引顧客', '去熱炒多點兩道菜以為就變有錢人了XD', '死窮人來追殺了 塊陶', '本身你會去吃熱炒就是沒錢吃高級餐廳', '其實福勝亭一個套餐也才100多吧 還有白', '飯跟湯還有麥茶的樣子 怎麼不去那邊 他', '們熱炒點那幾盤 每個人也吃不到多少', '沒錢吃好的來吃這種店都能裝逼，看不起', '福勝亭我最愛吃高麗菜', '學生', '笑死人 你一次27個大學生一起進去 同', '時開吃 你看福勝亭hold不hold得住 一', '口氣吃光兩鍋飯的壓力 如果不是平常店', '家飯用量就這麼多 根本反應不過來', '反應不過來別擺那麼多位置', '又要多收人，又說反應不及', '人家只吃1.2碗，又不是吃很多，你就沒', '飯了', '福勝亭我都先吃兩碗海苔拌飯', '福勝亭25號都大爆滿，跟你20幾個人一起進', '去有什麼不同？沒遇過白飯或是生菜不夠的', '沒預約不覺得福會一下接30人， 那時偏晚了', '福要打烊了吧？', '搞笑嗎? 福勝亭我一個人進去點個餐等了', '25號大爆滿 一定有提早準備吧', '20分鐘左右我的炸豬排才來', '但從不覺得熱炒便宜', '還是閒閒沒啥客人的時段去的', '我去福不會先吃飯有夠窮', '加高麗菜根湯就算了加白飯，沒料配怎麼吃', '福勝亭的白飯有夠難吃…生菜也很糞', 'https://i.imgur.com/KisGXzK.jpg', 'https://i.imgur.com/aIWtOz1.png', 'https://i.imgur.com/yjksZHX.png', 'https://i.imgur.com/6SQ90DJ.png']"
Gossiping,[問卦] 黑范是不是要謝謝白飯？,BBScom (COMbbs),Mon Jul 10 14:47:15 2023,"經過兩天的飯桶之亂
白飯不囉嗦成為討論度最高的新聞話題
成功擠下黑范在鄉民心中的地位
黑范該怎麼答謝白飯的捨身救援呢？

","['先謝謝Coco', '大牙是有被強奸喔，每天吵搞得多嚴重一', '樣', 'GN真是死忠的', '這種議題本來就燒不久，沒白飯文黑范文', '一樣會銳減', '一個吃不到范范 一個吃不到飯飯', '樓下想吃哪種飯？', '2樓這種人真是可憐']"
Gossiping,[新聞] 柯文哲北流辦演唱會遭拒 北市議員齊批：,wavespirit (鄉民進化論),Mon Jul 10 14:47:30 2023,"柯文哲北流辦演唱會遭拒 北市議員齊批：營造被迫害假象

中時新聞網

 中時 劉彥宜


民眾黨總統參選人、前台北市長柯文哲月底將舉辦「KP SHOW」售票演唱會，柯文哲爆出，
演唱會原本要在台北流行音樂中心舉辦，但北市府不准，更嘆「世態炎涼」。遭藍綠議員批
評，北流屬行政法人，使用辦法和申請辦法，都有提到不涉及政治活動，柯文哲作秀、營造
被迫害的假象，別因「政治」，而忘了「自己政策」。

柯文哲昨自曝，原本要在北流舉辦演唱會，但世態炎涼，蔣市府不准。他並暗指，「通常這
種事件，太監就解決掉，不會到皇上那裡。」
國民黨台北市議員柳采葳批評，柯文哲別因為「政治」，而忘了「自己政策」。北流屬行政
法人，在使用辦法和申請辦法規定，場地租借不涉及政治活動，柯不可能不知道，如果不知
道，就代表擔任市長任內，沒有掌握北流的使用規範。

她指出，柯文哲已經被民眾黨正式提名，演唱會主視覺與競選主視覺相同，演唱會目的是「
選舉募款」，顯然就是政治活動。聰明的柯不是不知道，而是利用民眾不清楚規範，想扣市
府帽子，這種政治操作，實在替北流和市府的基層員工不捨，因為市府在借場地方面，真的
是行政中立。

民進黨議員何孟樺痛批，北流不得租借場地舉辦政治活動，明明就是柯文哲時代訂的規範，
柯文哲卻為選舉跑出來作秀、裝可憐，臉皮真的有夠厚、無恥至極。

她炮轟，柯文哲只是作秀、營造自己被迫害的假象，柯當了8年台北市長，連北流的規範都
不知道，臉皮厚成這樣，哪裡務實、哪裡理性？根本就是一顆裹著糖衣的毒藥。

社民黨議員苗博雅則說，北流不能辦政治活動的規章，是柯文哲市長任內制定。怎麼會有皇
上的問題？北流董事長黃韻玲，是柯文哲任內所任命，怎麼會是太監？柯文哲「總統參選人
」借不到場地就扭曲規則，塑造自己被打壓的形象，不只是打臉柯文哲「前市長」，也真的
冤枉黃韻玲。

苗博雅分析，柯文哲想把競選募款活動辦在北流，是想讓大家看到政績。但北流如果是政績
，也是前台北市長陳水扁、馬英九、郝龍斌、柯文哲、前文化部長鄭麗君和蔡英文總統等共
同政績。文化的基地正在辛苦的成長，不能接受柯把北流依法行政，拒絕競選活動申請，影
射為太監政治打壓。台灣不需要塑造悲情、譁眾取寵的政治文化。

https://www.chinatimes.com/realtimenews/20230710002824-260407

政治受虐兒又開始發作了

","['八翻', '媽寶不意外', '支持侯賴配', '八卦又翻車了', '垃圾黨媒', 'CF這次快出來道歉 死在自己SOP之下', '國民兩黨一樣爛，賴侯粉不意外', '連蔡母豬也有喔 阿不就好險有蓋出來', '深綠蔣粉發聲了?', '藍綠團結 對抗cf', '側翼打柯不遺餘力', '蚵文哲當市長這麼機掰  這下搞到自己了吧?\\', '從小沒錢讀書現在補助學費就不是悲情', '讚讚 藍綠一家親 團結更有力', '找簡舒培議員發言，苗議座很忙的。', '人家被迫害還用營造喔 電視一開就知道', '就演政治受虐兒', '自己任內訂的規則，怪藍綠XDDDDD', '能讓藍綠一起釘 沒幾個人了', '這件事看文化局說明大概能理解...', '行政中立嘴巴喊一喊就好了  真的明文規定?', '藍綠團結拉！', '腦袋是不是有洞?  現在拿石頭砸自己腳了啊', '柯用演唱會名義申請被認定跟選舉有關', 'https://i.imgur.com/z5yWQIh.jpg', '藍綠聯手監督一個平民', '有怪藍綠嗎 藍綠現在很團結不錯啊', '這點該被嘴XD', '政治受虐兒 嘻嘻', '支持藍綠侯賴配', '然後被拒絕其實沒什麼對錯...', '自己任內訂的規定 然後怪藍綠？', '自己定的規則 自己選的董事長 然後罵', '這真的欠罵 幕僚在幹什麼洨', '政治人物原來唱歌就是政治活動', '人家太監 噁', '都是些死太監揣摩上意阻止師父辦活動', '白爛的選擇，柯文哲', 'CF的SOP是用來規範別人的 不是規範自己的', '這次真的該罵', '716遊行要增加一個驅逐太監的訴求', '白粉不信啦 一樣嗆回去', '藍綠團結監督政府才對阿 CF你就道歉吧', '跟幕僚有啥關係 幕僚去問問 被打槍也就算', '了 是CF自己嘴賤要營造自己被迫害的假象', '平時藍綠也不用在那裡裝很對立了', '政治受虐兒真的很貼切 苗博雅不用辭職選', '八又翻', '立委嗎幹噁心到想吐', '難道是幕僚跟CF獻策要CF去罵人家太監?', '以前自己決定的 就不要怪別人啦', '藍綠大團結', '其實算他失言吧...這沒什麼好嘴的，扣', '之前也說蔡壁如太監啊，這咖滿腦子封建思', '想', '本來就沒什麼好講的 只是看藍綠團結', '幕僚要化身林益全了誒', '很開心 台灣有救了', '政治受虐兒', '就白癡 本來就不該申請 還自己講想要偷渡', '柯文哲很無恥 不是早就知道了', ' 退選吧 根本沒有領導人該有的格局', '蔡壁如的思想比柯文哲還更封建', '確實失言 就認錯就好唄', '新聞還說啥票賣光 結果賣不完XDDD', ' 整天演戲對政府潑糞 搞爛社會風氣', 'CF:我竟然被自己封殺了這一定是藍綠抹', '藍綠都罵代表做對了', '黑 真是可惡', '又不是藝人辦什麼演唱會，擺明想鑽漏洞，', '這種人還想稱總統', '原地自爆 笑死', '國民黨虐待民眾黨，終於不關民進黨屁事了', '阿北只是想測試以前的規定是不是還有好', '政治受虐兒', '好執行', '柯憐那 被以前的自己打臉', '這次柯嘴錯了', '柯嘴臭就該罵，但能藍綠加假掰雪花苗一', '世態炎涼 太監', '起罵，真的是僅有柯一人，而且怎麼有種', '商鞅想投宿卻被自己變的法搞到沒地方住', '的感覺，真的就像柯說的『相信制度，不', '要相信個人』，柯文哲又加分啦，嘻嘻', ' 年輕人也該看清這網紅政客的嘴臉了', '動不動就太監皇上 真了當了皇上 下面做', '政治受虐兒 真的挺不下去  嘻嘻', '事的人都叫太監？', '垃圾不分藍綠', '柯文哲被自己打臉 可悲', '還加分咧  不懂政治靈活  硬要明文規定', '藍綠和解', '明文規定你還不懂留後門 這種阿打馬孔顧立', '真的能領導國家嗎?!!', '黃韻玲是太監 柯文哲你真敢說喔', '阿不就一堆腦補的柯粉在吵', '不要氣到口不擇言耶 人家沒欠你', '大不了換個場地 有必要這樣罵人家', '白粉真的沒下限 這也能護航xddd', '相信制度別相信個人', '你是忘記了還是害怕想起來', '柯愈自大就愈露出馬腳', '柯就失言 道個歉就好', '皇上都沒發話反倒是太監齊怒XD', '順便再宣揚一下制度的重要性', '狗群快來噓啊！ 或者表面不贊同 實際按噓', '藍綠垃圾最喜歡監督平民', '真愛拿皇帝舉例，龍袍真沒送錯', '如兩岸監督條例的重要性?', '柯導，自編自導自演', '無賴', '柯別自信過頭變自大啊', '說你太監就太監，八卦男神你敢嘴', '當柯的幕僚應該很累吧?', '藍綠聯手 毀天滅地', '八又翻', '跟人有關的發言請謹慎一點', '自己訂的規範還不清楚 lol', '繼續幫他造聲量啊！傻傻的', '台北市議員（x) 哥布林（o)', '這樣就無恥至極 那接受詐騙集團集團無償提', '柯文哲就一直很想搞川伯，結果每次都回力', '演唱會=政治活動，略懂略懂', '供房車一開始還說不熟後來被爆料的算什麼', '鏢', '？', '誰快做一下柯文哲騎單車迷因圖啊', '柯文哲募款演唱會的確是政治活動', '垃圾不分藍綠 蚵仔硬起來', '深綠蔣粉 這反差也太大', '北流跟柯最有關的就是規章跟人事 想', '要當作政績宣傳缺嘴這兩項覺得自己爛', '狗太監真想踹下去', '藍綠都出來講話 我就知道是誰的問題了', ' 笑死', '政治歸政治，演唱會歸演唱會', '終於抓到把柄了，往死裡打！', '北市機器動得很厲害', '八翻雲集', '八卦廢物柯布林仔 最愛這一味', '又在柯布林 能不能找個有創意的名字', '綠圾貪污哥布林出來吃屎透氣囉', '被自己訂的規章打到XD', '演唱會也算政治活動唷…', '幹拎涼 阿北就嘴丘 給暗槓一下會死喔', '八又翻了嗎？', '很笨捏，給他辦之後瘋狂的打下去']"
Gossiping,[問卦] 餐廳有空位為何要預約啊？,touurtn (vv),Mon Jul 10 14:26:24 2023,"我不是很懂餐廳的空位多到

27人臨時衝進去都有位置坐

怎麼還需要預約

難道餐飲業已經跟網拍預購看齊

下單才開始從海上捕魚運到餐廳嗎？

","['不訂又不耐等', '27人就手忙腳亂 笑死', '這樣才有缺料的藉口阿', '平常翻桌率就沒準備這麼多？', '等等就翻車了', '就有人在那邊跳針啊..店家都讓客人進去', '沒預約 就上菜慢一點 不至於出不了餐啦', '內場搜草啦', '你覺得備菜很簡單？', '我也很好奇這家生意如何 一堆人說27人', '吃6000老闆虧了 有滿場排擠到其他人嗎', '新聞不都說了 是學生不想等', ' 還是少賺就是虧']"
Gossiping,[問卦] 請問打房了嗎？,hsutifen (不知道),Mon Jul 10 14:27:47 2023,"我們的政府很關心人民
祭出多項方案說要打房
小的不才一直感受不到
請問打房開始了嗎謝謝

","['再給八年相信政府', '三枝箭又要射了 不要不信邪', '要給政府時間才看得到成效', '民進黨說給賴清德八年，會讓你買得起房', '已經開始請立正站好開打', '房貸補助已經入帳囉，你覺得呢？', 'https://i.imgur.com/zYqKVro.jpg', '柯CF都說台灣打房不可能成功的QQ', '別抬頭 相信党']"
